{
  "pools": [
    {
      "name": "aether_ship_trash",
      "entries": [
        {
          "entryName": "loottweaker#1",
          "weight": 30,
          "quality": 0,
          "type": "item",
          "name": "aether_legacy:swetty_ball"
        },
        {
          "entryName": "loottweaker#5",
          "weight": 20,
          "quality": 0,
          "type": "item",
          "name": "aether_legacy:ambrosium_shard"
        },
        {
          "entryName": "loottweaker#4",
          "weight": 20,
          "quality": 0,
          "type": "item",
          "name": "aether_legacy:aerogel"
        },
        {
          "entryName": "loottweaker#3",
          "weight": 10,
          "quality": 0,
          "type": "item",
          "name": "aether_legacy:golden_oak_sapling"
        },
        {
          "entryName": "loottweaker#2",
          "weight": 20,
          "quality": 0,
          "type": "item",
          "name": "aether_legacy:skyroot_sapling"
        },
        {
          "entryName": "loottweaker#9",
          "weight": 50,
          "quality": 0,
          "type": "item",
          "name": "aether_legacy:icestone"
        },
        {
          "entryName": "loottweaker#8",
          "weight": 20,
          "quality": 0,
          "type": "item",
          "name": "contenttweaker:ice_dust"
        },
        {
          "entryName": "loottweaker#7",
          "weight": 20,
          "quality": 0,
          "type": "item",
          "name": "contenttweaker:ice_shard"
        },
        {
          "entryName": "loottweaker#6",
          "weight": 20,
          "quality": 0,
          "type": "item",
          "name": "aether_legacy:zanite_gemstone"
        }
      ],
      "rolls": {
        "min": 1.0,
        "max": 4.0
      }
    },
    {
      "name": "aether_ship_emp_crystal",
      "entries": [
        {
          "entryName": "loottweaker#1",
          "weight": 10,
          "quality": 0,
          "type": "item",
          "functions": [
            {
              "data": 5.0,
              "function": "minecraft:set_data"
            }
          ],
          "name": "actuallyadditions:item_crystal_empowered"
        },
        {
          "entryName": "loottweaker#17",
          "weight": 1,
          "quality": 0,
          "type": "item",
          "name": "contenttweaker:enittin_block"
        },
        {
          "entryName": "loottweaker#18",
          "weight": 1,
          "quality": 0,
          "type": "item",
          "name": "contenttweaker:egoold_block"
        },
        {
          "entryName": "loottweaker#5",
          "weight": 10,
          "quality": 0,
          "type": "item",
          "functions": [
            {
              "data": 2.0,
              "function": "minecraft:set_data"
            }
          ],
          "name": "actuallyadditions:item_crystal_empowered"
        },
        {
          "entryName": "loottweaker#13",
          "weight": 1,
          "quality": 0,
          "type": "item",
          "functions": [
            {
              "data": 3.0,
              "function": "minecraft:set_data"
            }
          ],
          "name": "actuallyadditions:block_crystal_empowered"
        },
        {
          "entryName": "loottweaker#4",
          "weight": 10,
          "quality": 0,
          "type": "item",
          "name": "actuallyadditions:item_crystal_empowered"
        },
        {
          "entryName": "loottweaker#14",
          "weight": 1,
          "quality": 0,
          "type": "item",
          "functions": [
            {
              "data": 4.0,
              "function": "minecraft:set_data"
            }
          ],
          "name": "actuallyadditions:block_crystal_empowered"
        },
        {
          "entryName": "loottweaker#3",
          "weight": 10,
          "quality": 0,
          "type": "item",
          "functions": [
            {
              "data": 1.0,
              "function": "minecraft:set_data"
            }
          ],
          "name": "actuallyadditions:item_crystal_empowered"
        },
        {
          "entryName": "loottweaker#15",
          "weight": 1,
          "quality": 0,
          "type": "item",
          "functions": [
            {
              "data": 5.0,
              "function": "minecraft:set_data"
            }
          ],
          "name": "actuallyadditions:block_crystal_empowered"
        },
        {
          "entryName": "loottweaker#2",
          "weight": 10,
          "quality": 0,
          "type": "item",
          "functions": [
            {
              "data": 3.0,
              "function": "minecraft:set_data"
            }
          ],
          "name": "actuallyadditions:item_crystal_empowered"
        },
        {
          "entryName": "loottweaker#16",
          "weight": 1,
          "quality": 0,
          "type": "item",
          "name": "contenttweaker:ecoppra_block"
        },
        {
          "entryName": "loottweaker#9",
          "weight": 10,
          "quality": 0,
          "type": "item",
          "name": "contenttweaker:egoold"
        },
        {
          "entryName": "loottweaker#8",
          "weight": 10,
          "quality": 0,
          "type": "item",
          "name": "contenttweaker:enittin"
        },
        {
          "entryName": "loottweaker#10",
          "weight": 1,
          "quality": 0,
          "type": "item",
          "name": "actuallyadditions:block_crystal_empowered"
        },
        {
          "entryName": "loottweaker#7",
          "weight": 10,
          "quality": 0,
          "type": "item",
          "name": "contenttweaker:ecoppra"
        },
        {
          "entryName": "loottweaker#11",
          "weight": 1,
          "quality": 0,
          "type": "item",
          "functions": [
            {
              "data": 1.0,
              "function": "minecraft:set_data"
            }
          ],
          "name": "actuallyadditions:block_crystal_empowered"
        },
        {
          "entryName": "loottweaker#6",
          "weight": 10,
          "quality": 0,
          "type": "item",
          "functions": [
            {
              "data": 4.0,
              "function": "minecraft:set_data"
            }
          ],
          "name": "actuallyadditions:item_crystal_empowered"
        },
        {
          "entryName": "loottweaker#12",
          "weight": 1,
          "quality": 0,
          "type": "item",
          "functions": [
            {
              "data": 2.0,
              "function": "minecraft:set_data"
            }
          ],
          "name": "actuallyadditions:block_crystal_empowered"
        }
      ],
      "rolls": {
        "min": 1.0,
        "max": 4.0
      }
    },
    {
      "name": "aether_ship_comp",
      "entries": [
        {
          "entryName": "loottweaker#1",
          "weight": 50,
          "quality": 0,
          "type": "item",
          "name": "prodigytech:heat_capacitor_1"
        },
        {
          "entryName": "loottweaker#5",
          "weight": 30,
          "quality": 0,
          "type": "item",
          "name": "enderio:item_capacitor_silver"
        },
        {
          "entryName": "loottweaker#4",
          "weight": 10,
          "quality": 0,
          "type": "item",
          "functions": [
            {
              "data": 2.0,
              "function": "minecraft:set_data"
            }
          ],
          "name": "enderio:item_basic_capacitor"
        },
        {
          "entryName": "loottweaker#3",
          "weight": 20,
          "quality": 0,
          "type": "item",
          "functions": [
            {
              "data": 1.0,
              "function": "minecraft:set_data"
            }
          ],
          "name": "enderio:item_basic_capacitor"
        },
        {
          "entryName": "loottweaker#2",
          "weight": 30,
          "quality": 0,
          "type": "item",
          "name": "enderio:item_basic_capacitor"
        },
        {
          "entryName": "loottweaker#9",
          "weight": 30,
          "quality": 0,
          "type": "item",
          "functions": [
            {
              "data": 515.0,
              "function": "minecraft:set_data"
            }
          ],
          "name": "thermalfoundation:material"
        },
        {
          "entryName": "loottweaker#8",
          "weight": 5,
          "quality": 0,
          "type": "item",
          "name": "enderio:item_capacitor_crystalline"
        },
        {
          "entryName": "loottweaker#10",
          "weight": 30,
          "quality": 0,
          "type": "item",
          "name": "quantumflux:graphitedust"
        },
        {
          "entryName": "loottweaker#7",
          "weight": 10,
          "quality": 0,
          "type": "item",
          "name": "enderio:item_capacitor_vivid"
        },
        {
          "entryName": "loottweaker#11",
          "weight": 60,
          "quality": 0,
          "type": "item",
          "functions": [
            {
              "data": 7.0,
              "function": "minecraft:set_data"
            }
          ],
          "name": "actuallyadditions:item_misc"
        },
        {
          "entryName": "loottweaker#6",
          "weight": 20,
          "quality": 0,
          "type": "item",
          "name": "enderio:item_capacitor_energetic_silver"
        },
        {
          "entryName": "loottweaker#12",
          "weight": 20,
          "quality": 0,
          "type": "item",
          "functions": [
            {
              "data": 8.0,
              "function": "minecraft:set_data"
            }
          ],
          "name": "actuallyadditions:item_misc"
        }
      ],
      "rolls": {
        "min": 1.0,
        "max": 2.0
      }
    },
    {
      "name": "aether_ship_metal_ingot",
      "entries": [
        {
          "entryName": "loottweaker#1",
          "weight": 100,
          "quality": 0,
          "type": "item",
          "name": "contenttweaker:black_bronze_ingot"
        },
        {
          "entryName": "loottweaker#5",
          "weight": 60,
          "quality": 0,
          "type": "item",
          "functions": [
            {
              "data": 6.0,
              "function": "minecraft:set_data"
            }
          ],
          "name": "enderio:item_alloy_ingot"
        },
        {
          "entryName": "loottweaker#4",
          "weight": 70,
          "quality": 0,
          "type": "item",
          "name": "contenttweaker:awaken_uru_ingot"
        },
        {
          "entryName": "loottweaker#3",
          "weight": 60,
          "quality": 0,
          "type": "item",
          "name": "contenttweaker:arkenium_ingot"
        },
        {
          "entryName": "loottweaker#2",
          "weight": 50,
          "quality": 0,
          "type": "item",
          "name": "contenttweaker:cursed_gold_ingot"
        },
        {
          "entryName": "loottweaker#9",
          "weight": 10,
          "quality": 0,
          "type": "item",
          "functions": [
            {
              "data": 6.0,
              "function": "minecraft:set_data"
            }
          ],
          "name": "enderio:item_alloy_endergy_ingot"
        },
        {
          "entryName": "loottweaker#8",
          "weight": 40,
          "quality": 0,
          "type": "item",
          "functions": [
            {
              "data": 5.0,
              "function": "minecraft:set_data"
            }
          ],
          "name": "enderio:item_alloy_endergy_ingot"
        },
        {
          "entryName": "loottweaker#7",
          "weight": 10,
          "quality": 0,
          "type": "item",
          "functions": [
            {
              "data": 2.0,
              "function": "minecraft:set_data"
            }
          ],
          "name": "enderio:item_alloy_ingot"
        },
        {
          "entryName": "loottweaker#6",
          "weight": 40,
          "quality": 0,
          "type": "item",
          "functions": [
            {
              "data": 1.0,
              "function": "minecraft:set_data"
            }
          ],
          "name": "enderio:item_alloy_ingot"
        }
      ],
      "rolls": {
        "min": 1.0,
        "max": 4.0
      }
    }
  ]
}