{"stat.craftItem.immersiveengineering.stone_decoration":495,"stat.useItem.minecraft.quartz_block":7,"stat.craftItem.contenttweaker.firebrick_block":58,"stat.craftItem.blockcraftery.editable_slant":168,"stat.drop.minecraft.gunpowder":2,"stat.pickup.extrautils2.redorchid":1,"stat.useItem.biomesoplenty.flesh":16,"stat.pickup.mcwbridges.rope_oak_bridge_end":6,"stat.pickup.harvestcraft.applejuiceitem":5,"stat.pickup.tconstruct.faucet":13,"stat.drop.exnihilocreatio.item_pebble":1,"stat.pickup.mekanism.sawdust":2540,"stat.pickup.exnihilocreatio.item_ore_aluminum":248,"stat.pickup.mysticalcreations.bilim_seeds":21,"stat.craftItem.contenttweaker.duraluminum_plate":5,"stat.pickup.roots.dewgonia":11,"stat.drop.minecraft.iron_sword":2,"stat.pickup.minecraft.rotten_flesh":72,"stat.pickup.contenttweaker.creosolon":26,"stat.craftItem.minecraft.stone_axe":1,"stat.craftItem.roots.runestone_slab":6,"stat.useItem.prodigytech.charred_stonebricks":2,"stat.pickup.minecraft.bucket":14,"stat.killEntity.Enderman":6,"stat.pickup.minecraft.brown_mushroom":60,"stat.mineBlock.exnihilocreatio.block_waterwheel":4,"stat.craftItem.excompressum.bait":6,"stat.useItem.tconstruct.slime_sapling":1,"stat.pickup.moreplates.silver_stick":2,"stat.useItem.minecraft.spider_eye":1,"stat.pickup.mod_lavacow.intestine":20,"stat.drop.roots.spirit_herb_seed":1,"stat.drop.requious.sorter_livespan":1,"stat.pickup.appliedenergistics2.sky_stone_block":8,"stat.craftItem.roots.stone_knife":2,"stat.furnaceInteraction":371,"stat.pickup.trumpetskeleton.trumpet":2,"stat.craftItem.contenttweaker.duraluminum_rod":12,"stat.useItem.roots.terra_spores":130,"stat.craftItem.minecraft.leather_helmet":1,"stat.craftItem.prodigytech.ferramic_block":19,"stat.pickup.moreplates.electrum_stick":13,"stat.craftItem.mcwbridges.stone_brick_bridge_end":4,"stat.pickup.contenttweaker.gold_sand":10,"stat.useItem.immersiveengineering.wooden_decoration":5,"stat.craftItem.contenttweaker.lesmium_block":2,"stat.useItem.exnihilocreatio.item_cooked_silkworm":1,"stat.drop.roots.wildroot_stew":1,"stat.drop.appliedenergistics2.crystal_seed":18,"stat.pickup.roots.runed_obsidian":12,"stat.useItem.minecraft.fence":135,"stat.craftItem.botania.fertilizer":16,"stat.useItem.harvestcraft.applejuiceitem":502,"stat.mineBlock.minecraft.fence":18,"stat.useItem.minecraft.flint_and_steel":12,"stat.useItem.minecraft.wheat_seeds":7,"stat.pickup.immersiveengineering.sheetmetal":2,"stat.useItem.contenttweaker.burned_slimedirt":101,"stat.pickup.minecraft.lever":10,"stat.deaths":7,"stat.useItem.tconstruct.smeltery_io":6,"stat.mineBlock.roots.wildwood_leaves":7,"stat.craftItem.prodigytech.charred_stonebricks":448,"stat.drop.erebus.death_compass":4,"stat.craftItem.minecraft.iron_pickaxe":8,"stat.pickup.tconstruct.mattock":5,"stat.pickup.contenttweaker.pilkeum":2,"stat.pickup.jecalculation.item_calculator":3,"stat.craftItem.prodigytech.heat_sawmill":1,"stat.fishCaught":2,"stat.pickup.modularmachinery.blockcasing":1,"stat.craftItem.roots.wildewheet_bread":1,"stat.chestOpened":3685,"stat.craftItem.minecraft.sign":30,"stat.craftItem.modularmachinery.blockcasing":6,"stat.drop.extrautils2.minichest":1,"stat.pickup.minecraft.iron_sword":2,"stat.pickup.erebus.death_compass":1,"stat.useItem.mysticalworld.cooked_carrot":168,"stat.craftItem.minecraft.quartz_block":7,"stat.drop.mysticalworld.aubergine_seed":3,"stat.useItem.chisel.stonebrick":243,"stat.craftItem.minecraft.coal":3822,"stat.pickup.minecraft.carrot":366,"stat.pickup.agricraft.agri_nugget":959,"stat.useItem.harvestcraft.seedsoupitem":1,"stat.crouchOneCm":382993,"stat.craftItem.minecraft.iron_ingot":1296,"stat.pickup.bonsaitrees.bonsaipot":2,"stat.drop.minecraft.slime_ball":1,"stat.craftingTableInteraction":2,"stat.craftItem.extrautils2.decorativesolid":204,"stat.drop.prodigytech.crystal_cutter":1,"stat.craftItem.blockcraftery.editable_trap_door":36,"stat.pickup.roots.pyre":1,"stat.mineBlock.tconstruct.rack":8,"stat.craftItem.thermalexpansion.satchel":16,"stat.craftItem.tconstruct.pattern":31,"stat.pickup.exnihilocreatio.block_diorite_crushed":621,"stat.mineBlock.minecraft.log2":42,"stat.mineBlock.tconstruct.smeltery_io":5,"stat.mineBlock.biomesoplenty.plant_1":31,"stat.pickup.immersiveengineering.stone_decoration":49,"stat.pickup.minecraft.dye":155,"stat.pickup.minecraft.planks":130,"stat.pickup.biomesoplenty.plant_1":35,"stat.pickup.enderio.item_material":24,"stat.craftItem.tconstruct.slime_congealed":4,"stat.drop.minecraft.soul_sand":1,"stat.pickup.prodigytech.charred_stonebricks":2,"stat.pickup.tcomplement.chisel":3,"stat.craftItem.tconstruct.seared_furnace_controller":1,"stat.craftItem.mcwbridges.rope_oak_bridge":140,"stat.craftItem.extrautils2.pipe":256,"stat.craftItem.mysticalworld.cooked_aubergine":16,"stat.craftItem.minecraft.magma":11,"stat.mineBlock.mcwbridges.rope_oak_bridge_end":6,"stat.pickup.botania.fertilizer":1,"stat.mineBlock.extrautils2.trashcanfluid":5,"stat.pickup.exnihilocreatio.item_mesh":53,"stat.craftItem.immersiveengineering.sheetmetal":84,"stat.pickup.contenttweaker.burned_slimedirt":123,"stat.craftItem.thermalfoundation.storage":1,"stat.drop.minecraft.rotten_flesh":2,"stat.pickup.openblocks.tank":171,"stat.pickup.tconstruct.pickaxe":5,"stat.useItem.actuallyadditions.item_canola_seed":6,"stat.pickup.mysticalworld.aubergine":122,"stat.pickup.mysticalworld.cooked_aubergine":8,"stat.pickup.contenttweaker.lv_baby_hair_thing":1,"stat.craftItem.contenttweaker.lesmium_ingot":146,"stat.drop.minecraft.sapling":1,"stat.pickup.contenttweaker.modularium_paste":32,"stat.pickup.minecraft.chicken":2,"stat.pickup.roots.wood_knife":1,"stat.useItem.modularmachinery.blockinputbus":1,"stat.pickup.roots.pereskia":52,"stat.craftItem.minecraft.bucket":19,"stat.craftItem.minecraft.planks":4310,"stat.craftItem.minecraft.dirt":16,"stat.craftItem.appliedenergistics2.tiny_tnt":3,"stat.craftItem.harvestcraft.chocovoxelsitem":2,"stat.craftItem.minecraft.fishing_rod":1,"stat.craftItem.torcherino.blocktorcherino":1,"stat.mineBlock.storagedrawers.controller":1,"stat.useItem.minecraft.stonebrick":4,"stat.mineBlock.minecraft.waterlily":1,"stat.craftItem.roots.staff":1,"stat.useItem.carryon.entity_item":16,"stat.killEntity.BabySkeleton":3,"stat.pickup.requious.sorter_food":1,"stat.pickup.erebus.bambucket":96,"stat.pickup.prodigytech.energion_crystal_seed":972,"stat.craftItem.prodigytech.ferramic_ingot":488,"stat.pickup.roots.elemental_soil_earth":8,"stat.pickup.extrautils2.pipe":20,"stat.pickup.prodigytech.ferramic_gear":7,"stat.craftItem.minecraft.cobblestone":601,"stat.pickup.prodigytech.blower_furnace":1,"stat.craftItem.harvestcraft.saucepanitem":2,"stat.pickup.storagedrawers.controller":1,"stat.useItem.thermalexpansion.reservoir":283,"stat.mineBlock.minecraft.cobblestone":4974,"stat.mineBlock.minecraft.pumpkin":4,"stat.mineBlock.contenttweaker.particle1":2,"stat.pickup.minecraft.flint":39,"stat.craftItem.modularmachinery.blockinputbus":2,"stat.pickup.immersiveengineering.metal_decoration0":5,"stat.pickup.immersiveengineering.metal_decoration1":1,"stat.craftItem.immersiveengineering.conveyor":8,"stat.pickup.immersiveengineering.metal_decoration2":1,"stat.mineBlock.chisel.cobblestone2":24,"stat.craftItem.moreplates.lead_stick":2,"stat.drop.minecraft.cobblestone":17,"stat.craftItem.contenttweaker.lesmium_rod":2,"stat.craftItem.prodigytech.charred_stone":58,"stat.mineBlock.blockcraftery.editable_slant":13,"stat.useItem.minecraft.stone_slab2":1181,"stat.craftItem.mcwbridges.rope_oak_bridge_end":36,"stat.craftItem.minecraft.furnace":49,"stat.craftItem.roots.fey_crafter":1,"stat.craftItem.immersivepetroleum.schematic":3,"stat.pickup.minecraft.golden_axe":1,"stat.useItem.mysticalworld.cooked_aubergine":30,"stat.useItem.tconstruct.dried_clay":22,"stat.pickup.mysticalworld.silkworm_egg":295,"stat.mineBlock.immersivepetroleum.metal_multiblock":2,"stat.craftItem.harvestcraft.cactussoupitem":2,"stat.pickup.quark.black_ash":36,"stat.pickup.roots.gramary":7,"stat.useItem.exnihilocreatio.hammer_stone":896,"stat.useItem.minecraft.brick_block":2,"stat.craftItem.prodigytech.pattern_circuit_crude":2,"stat.useItem.minecraft.wooden_slab":704,"stat.pickup.projectred-expansion.machine2":7,"stat.craftItem.minecraft.iron_block":15,"stat.craftItem.harvestcraft.carrotsoupitem":2,"stat.craftItem.minecraft.stonebrick":276,"stat.useItem.mysticalworld.cactus_dandelion_salad":3,"stat.drop.minecraft.flint_and_steel":2,"stat.pickup.roots.runestone":210,"stat.useItem.tconstruct.rack":7,"stat.pickup.contenttweaker.duraluminum_ingot":160,"stat.killEntity.Creeper":57,"stat.useItem.roots.dewgonia":4,"stat.craftItem.storagedrawers.upgrade_void":2,"stat.drop.minecraft.obsidian":1,"stat.craftItem.tconstruct.stone_stick":1154,"stat.craftItem.openblocks.tank":70,"stat.sprintOneCm":11012915,"stat.mineBlock.minecraft.stone_slab":13,"stat.craftItem.fluiddrawers.tank":8,"stat.craftItem.prodigytech.linear_extractor":1,"stat.useItem.carryon.tile_item":40,"stat.pickup.contenttweaker.firebrick":10,"stat.pickup.contenttweaker.lv_hair_thing":1,"stat.mineBlock.prodigytech.automatic_crystal_cutter":1,"stat.drop.minecraft.boat":2,"stat.pickup.minecraft.sugar":3,"stat.mineBlock.mcwbridges.rope_oak_bridge":11,"stat.craftItem.actuallyadditions.item_crafter_on_a_stick":2,"stat.craftItem.excompressum.wooden_crucible":1,"stat.useItem.mcwbridges.rope_oak_bridge":58,"stat.mineBlock.bonsaitrees.bonsaipot":2,"stat.mineBlock.extrautils2.compressedsand":64,"stat.pickup.minecraft.iron_block":3,"stat.killEntity.Zombie":73,"stat.craftItem.minecraft.dye":463,"stat.killEntity.mod_lavacow.unburied":2,"stat.pickup.modularmachinery.blockfluidinputhatch":1,"stat.pickup.engineersdecor.small_electrical_furnace":2,"stat.pickup.minecraft.fire_charge":1,"stat.craftItem.minecraft.slime_ball":45,"stat.pickup.minecraft.wheat":130,"stat.craftItem.minecraft.sandstone":8,"stat.mineBlock.immersiveengineering.metal_device0":3,"stat.mineBlock.immersiveengineering.metal_device1":5,"stat.pickup.engineersdecor.treated_wood_side_table":1,"stat.mineBlock.thermalfoundation.storage_alloy":2,"stat.craftItem.contenttweaker.weak_enhancer":576,"stat.pickup.minecraft.sign":9,"stat.mineBlock.tconstruct.seared_furnace_controller":2,"stat.mineBlock.immersiveengineering.stone_device":1,"stat.pickup.minecraft.obsidian":14,"stat.pickup.blockcraftery.editable_slant":13,"stat.craftItem.harvestcraft.applejuiceitem":507,"stat.craftItem.prodigytech.gold_dust_tiny":45,"stat.useItem.immersiveengineering.stone_decoration":248,"stat.pickup.minecraft.coal":201,"stat.pickup.minecraft.iron_ingot":302,"stat.pickup.tconstruct.seared_tank":7,"stat.craftItem.minecraft.lever":10,"stat.pickup.minecraft.gunpowder":133,"stat.pickup.minecraft.dirt":482,"stat.useItem.blockcraftery.editable_stairs":30,"stat.craftItem.prodigytech.automatic_crystal_cutter":3,"stat.pickup.prodigytech.solid_fuel_aeroheater":1,"stat.pickup.minecraft.cookie":5,"stat.mineBlock.minecraft.red_flower":32,"stat.mineBlock.minecraft.torch":27,"stat.pickup.prodigytech.capacitor_charger":2,"stat.useItem.roots.cooked_pereskia":1,"stat.drop.biomesoplenty.plant_1":2,"stat.useItem.prodigytech.magmatic_aeroheater":2,"stat.mineBlock.torcherino.blocktorcherino":24,"stat.mineBlock.exnihilocreatio.block_axle_stone":8,"stat.craftItem.extrautils2.compressedsand":65,"stat.pickup.prodigytech.energion_dust":1,"stat.craftItem.exnihilocreatio.crook_wood":15,"stat.pickup.roots.bark_dark_oak":9,"stat.craftItem.tconstruct.smeltery_io":3,"stat.mineBlock.cathedral.dwemer_block_carved":25,"stat.drop.minecraft.wheat":2,"stat.pickup.moreplates.invar_stick":12,"stat.pickup.xtones.base":576,"stat.craftItem.contenttweaker.fire_shard":144,"stat.craftItem.harvestcraft.flouritem":9,"stat.pickup.roots.cloud_berry":56,"stat.useItem.exnihilocreatio.hammer_iron":512,"stat.useItem.minecraft.lava_bucket":4,"stat.drop.tconstruct.materials":1,"stat.craftItem.prodigytech.energion_aeroheater":1,"stat.useItem.actuallyadditions.item_worm":1,"stat.useItem.storagedrawers.drawer_key":15,"stat.pickup.tconstruct.clear_glass":180,"stat.drop.minecraft.netherrack":1,"stat.craftItem.modularcontroller.tree_powered_compressor_controller":1,"stat.drop.appliedenergistics2.crank":1,"stat.useItem.minecraft.melon":34,"stat.mineBlock.exnihilocreatio.block_diorite_crushed":9,"stat.craftItem.extrautils2.trashcanfluid":2,"stat.pickup.prodigytech.rotary_grinder":1,"stat.mineBlock.prodigytech.solid_fuel_aeroheater":1,"stat.pickup.exnihilocreatio.block_skystone_crushed":46,"stat.drop.agricraft.agri_nugget":21,"stat.pickup.contenttweaker.bauxite_dust":64,"stat.useItem.cathedral.cathedral_railing_various":2,"stat.pickup.roots.spirit_herb_seed":16,"stat.useItem.blockcraftery.editable_trap_door":41,"stat.mobKills":363,"stat.craftItem.prodigytech.heat_capacitor_0":11,"stat.craftItem.prodigytech.heat_capacitor_1":1,"stat.useItem.minecraft.boat":2,"stat.craftItem.exnihilocreatio.item_ore_gold":6,"stat.mineBlock.tconstruct.wooden_hopper":14,"stat.pickup.minecraft.beetroot_seeds":119,"stat.mineBlock.contenttweaker.gold_sand":10,"stat.pickup.requious.altar":18,"stat.drop.exnihilocreatio.item_mesh":1,"stat.craftItem.exnihilocreatio.item_ore_silver":3,"stat.useItem.minecraft.soul_sand":9,"stat.useItem.harvestcraft.bakedcactusitem":1,"stat.pickup.contenttweaker.slimy_glass":4,"stat.pickup.exnihilocreatio.item_ore_zinc":66,"stat.useItem.minecraft.poisonous_potato":1,"stat.drop.minecraft.skull":1,"stat.pickup.minecraft.golden_boots":3,"stat.pickup.minecraft.glowstone_dust":2,"stat.pickup.darkutils.timer":8,"stat.mineBlock.minecraft.red_mushroom":75,"stat.craftItem.moreplates.electrum_stick":2,"stat.drop.minecraft.poisonous_potato":2,"stat.drop.prodigytech.circuit_perfected":1,"stat.killEntity.primitivemobs.festive_creeper":4,"stat.craftItem.actuallyadditions.block_misc":4,"stat.craftItem.minecraft.fire_charge":9,"stat.pickup.exnihilocreatio.item_pebble":4928,"stat.useItem.contenttweaker.gold_sand":8,"stat.useItem.quark.stonebrick_wall":4,"stat.craftItem.tconstruct.casting":5,"stat.pickup.minecraft.wooden_hoe":1,"stat.craftItem.roots.wildewheet_seed":2,"stat.mineBlock.minecraft.sand":732,"stat.useItem.harvestcraft.stockitem":1,"stat.mineBlock.prodigytech.fuel_processor":1,"stat.mineBlock.prodigytech.capacitor_charger":2,"stat.hopperInspected":785,"stat.useItem.minecraft.fence_gate":1,"stat.pickup.tconstruct.slime_sapling":2,"stat.useItem.roots.wildewheet_seed":5,"stat.pickup.moreplates.hammer":1,"stat.craftItem.enderio.item_material":1,"stat.pickup.bhc.red_heart":34,"stat.useItem.mcwbridges.stone_brick_bridge_end":2,"stat.craftItem.minecraft.magma_cream":48,"stat.craftItem.quark.stonebrick_wall":6,"stat.pickup.extrautils2.trashcanfluid":5,"stat.craftItem.minecraft.pumpkin_seeds":4,"stat.craftItem.storagedrawers.upgrade_template":8,"stat.craftItem.prodigytech.ore_refinery":1,"stat.craftItem.thermalfoundation.material":3765,"stat.useItem.mcwbridges.rope_oak_bridge_end":16,"stat.useItem.extrautils2.pipe":147,"stat.pickup.roots.bark_wildwood":15,"stat.useItem.thermaldynamics.duct_0":7,"stat.useItem.fluiddrawers.tank":6,"stat.drop.minecraft.fishing_rod":1,"stat.drop.minecraft.pumpkin_seeds":2,"stat.craftItem.excompressum.compressed_hammer_iron":1,"stat.useItem.botania.petal":55,"stat.pickup.minecraft.stone_stairs":1,"stat.craftItem.minecraft.fence_gate":2,"stat.pickup.minecraft.pumpkin_seeds":11,"stat.pickup.roots.bark_oak":75,"stat.pickup.tconstruct.slime_dirt":53,"stat.craftItem.immersiveengineering.material":210,"stat.mineBlock.minecraft.soul_sand":298,"stat.craftItem.prodigytech.inferno_fuel":124,"stat.useItem.extrautils2.glasscutter":9,"stat.pickup.cathedral.dwemer_block_carved":85,"stat.craftItem.ironchest.wood_copper_chest_upgrade":3,"stat.useItem.immersiveengineering.wooden_device1":2,"stat.craftItem.projectred-expansion.machine2":11,"stat.pickup.minecraft.netherrack":314,"stat.pickup.roots.unending_bowl":2,"stat.killEntity.mod_lavacow.raven":1,"stat.pickup.minecraft.pumpkin":4,"stat.useItem.minecraft.fish":2,"stat.pickup.appliedenergistics2.grindstone":2,"stat.recordPlayed":5,"stat.useItem.mysticalworld.cooked_beetroot":13,"stat.pickup.tconstruct.casting":13,"stat.pickup.minecraft.waterlily":1,"stat.pickup.extrautils2.flattransfernode":2,"stat.useItem.chisel.stonebrick1":178,"stat.craftItem.exnihilocreatio.item_ore_cobalt":4,"stat.craftItem.minecraft.flint":728,"stat.useItem.roots.pyre":5,"stat.drop.immersiveengineering.treated_wood":1,"stat.pickup.contenttweaker.zinc_rod":15,"stat.drop.mysticalworld.silk_cocoon":1,"stat.craftItem.actuallyadditions.item_canola_seed":15,"stat.drop.minecraft.stone":2,"stat.pickup.excompressum.compressed_crook":1,"stat.craftItem.tconstruct.wooden_hopper":19,"stat.pickup.minecraft.melon_seeds":17,"stat.pickup.minecraft.melon":84,"stat.craftItem.contenttweaker.fireclay":632,"stat.craftItem.modularmachinery.blockoutputbus":1,"stat.craftItem.contenttweaker.duraluminum_gear":3,"stat.mineBlock.engineersdecor.treated_wood_side_table":1,"stat.pickup.moreplates.copper_stick":16,"stat.pickup.contenttweaker.fire_shard":909,"stat.drop.minecraft.bone":1,"stat.craftItem.contenttweaker.zinc_rod":10,"stat.useItem.minecraft.furnace":4,"stat.mineBlock.modularmachinery.blockcasing":1,"stat.pickup.minecraft.slime":5,"stat.craftItem.tconstruct.materials":120,"stat.useItem.excompressum.compressed_crook":597,"stat.mineBlock.modularmachinery.blockinputbus":1,"stat.mineBlock.roots.wildwood_log":3,"stat.mineBlock.minecraft.gravel":2333,"stat.craftItem.contenttweaker.hot_energion":8,"stat.drop.minecraft.reeds":1,"stat.craftItem.integrateddynamics.squeezer":2,"stat.pickup.minecraft.flint_and_steel":4,"stat.pickup.mekanism.ingot":64,"stat.drop.minecraft.record_13":1,"stat.useItem.minecraft.torch":207,"stat.craftItem.minecraft.redstone_block":5,"stat.pickup.contenttweaker.zinc_wire":8,"stat.craftItem.minecraft.stone_stairs":8,"stat.useItem.minecraft.log":675,"stat.pickup.minecraft.crafting_table":1,"stat.mineBlock.cathedral.cathedral_railing_various":3,"stat.craftItem.minecraft.crafting_table":62,"stat.craftItem.blockcraftery.editable_stairs":40,"stat.craftItem.minecraft.boat":2,"stat.pickup.excompressum.bait":6,"stat.pickup.extrautils2.grocket":6,"stat.mineBlock.chisel.stonebrick":73,"stat.craftItem.harvestcraft.melonjuiceitem":2,"stat.useItem.harvestcraft.carrotsoupitem":1,"stat.pickup.appliedenergistics2.crank":1,"stat.craftItem.minecraft.stone_button":4,"stat.craftItem.harvestcraft.bakewareitem":1,"stat.pickup.minecraft.web":1,"stat.pickup.minecraft.sapling":1164,"stat.mineBlock.engineersdecor.treated_wood_stool":1,"stat.drop.minecraft.melon_seeds":4,"stat.useItem.exnihilocreatio.block_barrel0":61,"stat.drop.minecraft.bow":1,"stat.pickup.minecraft.beetroot":100,"stat.useItem.exnihilocreatio.hammer_wood":15,"stat.craftItem.harvestcraft.freshmilkitem":24,"stat.drop.immersiveengineering.material":1,"stat.killEntity.WitherSkeleton":23,"stat.pickup.roots.iron_knife":1,"stat.pickup.exnihilocreatio.item_ore_cobalt":529,"stat.drop.bhc.red_heart":7,"stat.pickup.exnihilocreatio.block_axle_stone":8,"stat.craftItem.minecraft.sugar":145,"stat.pickup.quark.variant_sapling":5,"stat.pickup.contenttweaker.watertight_steel_plate":8,"stat.useItem.minecraft.baked_potato":49,"stat.mineBlock.extrautils2.compressedgravel":76,"stat.pickup.minecraft.stone_slab":286,"stat.drop.minecraft.yellow_flower":2,"stat.pickup.minecraft.yellow_flower":59,"stat.pickup.erebus.sapling_bamboo":1,"stat.useItem.minecraft.fishing_rod":3,"stat.pickup.minecraft.bone":124,"stat.craftItem.prodigytech.explosion_furnace":1,"stat.useItem.unlimitedchiselworks.chisel_stonebrick_prodigytech_charred_stonebricks_0":463,"stat.useItem.mcwbridges.stone_brick_bridge":28,"stat.craftItem.storagedrawers.drawer_key":1,"stat.drop.natura.overworld_seeds":1,"stat.useItem.minecraft.log2":2,"stat.useItem.exnihilocreatio.crook_tconstruct":246,"stat.drop.minecraft.red_mushroom":1,"stat.useItem.immersiveengineering.conveyor":2,"stat.craftItem.minecraft.bone":78,"stat.mineBlock.minecraft.brown_mushroom":60,"stat.craftItem.extrautils2.glasscutter":1,"stat.pickup.exnihilocreatio.item_ore_lead":855,"stat.pickup.erebus.materials":4,"stat.climbOneCm":145567,"stat.craftItem.appliedenergistics2.crank":5,"stat.pickup.minecraft.golden_helmet":1,"stat.craftItem.immersiveengineering.wooden_decoration":9,"stat.craftItem.storagedrawers.upgrade_storage":1,"stat.pickup.exnihilocreatio.hammer_iron":3,"stat.craftItem.prodigytech.blower_furnace":3,"stat.craftItem.prodigytech.solid_fuel_aeroheater":1,"stat.craftItem.minecraft.quartz":77,"stat.craftItem.quark.reed_block":11,"stat.useItem.roots.wildroot_stew":1,"stat.pickup.minecraft.cobblestone":1650,"stat.useItem.appliedenergistics2.sky_stone_block":41,"stat.pickup.contenttweaker.conveyor_block":2,"stat.pickup.exnihilocreatio.item_seed_cactus":15,"stat.pickup.minecraft.soul_sand":703,"stat.craftItem.mcwbridges.stone_brick_bridge":288,"stat.pickup.minecraft.cactus":289,"stat.craftItem.modularmachinery.blockfluidinputhatch":1,"stat.ae2.TurnedCranks":1546,"stat.pickup.minecraft.redstone":1125,"stat.craftItem.minecraft.dispenser":3,"stat.craftItem.minecraft.book":1,"stat.mineBlock.minecraft.iron_ore":400,"stat.pickup.exnihilocreatio.hammer_stone":1,"stat.pickup.integrateddynamics.on_the_dynamics_of_integration":1,"stat.craftItem.mysticalworld.cooked_carrot":127,"stat.mineBlock.prodigytech.rotary_grinder":1,"stat.drop.contenttweaker.duraluminum_ingot":3,"stat.useItem.immersivepetroleum.schematic":3,"stat.pickup.prodigytech.automatic_crystal_cutter":1,"stat.drop.minecraft.dirt":3,"stat.craftItem.tconstruct.soil":120,"stat.pickup.unlimitedchiselworks.chisel_stonebrick_prodigytech_charred_stonebricks_0":33,"stat.mineBlock.mcwbridges.stone_brick_bridge_end":2,"stat.pickup.prodigytech.charred_stone":12,"stat.useItem.tconstruct.edible":5,"stat.craftItem.exnihilocreatio.hammer_stone":10,"stat.craftItem.tconstruct.slime_boots":2,"stat.pickup.roots.stone_knife":1,"stat.pickup.botania.petal":1,"stat.craftItem.effortlessbuilding.reach_upgrade2":1,"stat.craftItem.effortlessbuilding.reach_upgrade1":1,"stat.pickup.minecraft.paper":31,"stat.useItem.tconstruct.slime_dirt":32,"stat.pickup.morefurnaces.furnaceblock":3,"stat.craftItem.minecraft.stick":2412,"stat.drop.roots.runic_dust":1,"stat.useItem.harvestcraft.applesauceitem":1,"stat.useItem.roots.iron_knife":130,"stat.craftItem.minecraft.clay_ball":2228,"stat.pickup.botania.flower":15,"stat.entityKilledBy.Creeper":1,"stat.craftItem.roots.runestone_wall":6,"stat.mineBlock.minecraft.planks":36,"stat.drop":293,"stat.craftItem.actuallyadditions.item_misc":1024,"stat.pickup.minecraft.jukebox":1,"stat.useItem.tconstruct.seared":320,"stat.useItem.minecraft.melon_seeds":1,"stat.craftItem.extrautils2.flattransfernode":8,"stat.craftItem.harvestcraft.gravyitem":2,"stat.useItem.exnihilocreatio.crook_wood":64,"stat.craftItem.minecraft.piston":87,"stat.mineBlock.botania.doubleflower2":38,"stat.useItem.immersiveengineering.tool":18,"stat.mineBlock.botania.doubleflower1":19,"stat.killEntity.Slime":3,"stat.useItem.minecraft.apple":91,"stat.craftItem.roots.mortar":5,"stat.useItem.minecraft.carpet":2,"stat.useItem.requious.altar":33,"stat.killEntity.primitivemobs.support_creeper":10,"stat.pickup.exnihilocreatio.item_seed_sugarcane":22,"stat.pickup.minecraft.fence":17,"stat.pickup.exnihilocreatio.block_granite_crushed":1221,"stat.craftItem.botania.pestleandmortar":1,"stat.useItem.minecraft.stone_axe":71,"stat.craftItem.prodigytech.magmatic_aeroheater":2,"stat.drop.minecraft.magma_cream":1,"stat.craftItem.minecraft.flint_and_steel":11,"stat.pickup.roots.wildewheet":45,"stat.craftItem.exnihilocreatio.item_ore_iron":981,"stat.mineBlock.tconstruct.tooltables":8,"stat.mineBlock.minecraft.stone_stairs":1,"stat.craftItem.minecraft.iron_bars":32,"stat.mineBlock.minecraft.furnace":8,"stat.drop.minecraft.stone_button":2,"stat.useItem.blockcraftery.editable_slant":106,"stat.pickup.mod_lavacow.chitin":5,"stat.pickup.exnihilocreatio.item_ore_silver":850,"stat.pickup.roots.terra_moss":124,"stat.pickup.minecraft.oak_stairs":9,"stat.craftItem.contenttweaker.creosolon":34,"stat.damageDealt":72435,"stat.useItem.exnihilocreatio.item_seed_sugarcane":1,"stat.craftItem.minecraft.bowl":20,"stat.craftItem.minecraft.anvil":1,"stat.pickup.actuallyadditions.item_canola_seed":34,"stat.craftItem.mysticalworld.stuffed_aubergine":1,"stat.drop.biomesoplenty.flesh":1,"stat.useItem.harvestcraft.harvestpumpkinitem":1,"stat.mineBlock.contenttweaker.iron_sand":2,"stat.pickup.minecraft.boat":2,"stat.mineBlock.integrateddynamics.squeezer":7,"stat.craftItem.exnihilocreatio.item_material":526,"stat.pickup.minecraft.stick":75,"stat.pickup.biomesoplenty.sapling_0":20,"stat.pickup.biomesoplenty.sapling_1":12,"stat.pickup.biomesoplenty.sapling_2":15,"stat.pickup.mcwbridges.stone_brick_bridge_end":2,"stat.pickup.moreplates.gold_stick":25,"stat.craftItem.blockcraftery.editable_block":400,"stat.craftItem.contenttweaker.pt_crude_chip":1,"stat.craftItem.projectred-transmission.wire":72,"stat.craftItem.minecraft.writable_book":1,"stat.mineBlock.roots.pyre":1,"stat.useItem.roots.runestone_slab":5,"stat.pickup.torcherino.blocktorcherino":24,"stat.craftItem.minecraft.redstone":18,"stat.pickup.actuallyadditions.item_crafter_on_a_stick":6,"stat.useItem.minecraft.cactus":66,"stat.pickup.contenttweaker.lesmium_gear":21,"stat.craftItem.biomesoplenty.flesh":23,"stat.pickup.mod_lavacow.sharptooth":4,"stat.craftItem.extrautils2.minichest":369,"stat.craftItem.projectred-core.resource_item":18,"stat.killEntity.Chicken":2,"stat.useItem.minecraft.iron_block":1,"stat.craftItem.exnihilocreatio.block_barrel1":3,"stat.craftItem.exnihilocreatio.block_barrel0":42,"stat.craftItem.minecraft.fence":183,"stat.mineBlock.minecraft.leaves":1363,"stat.pickup.roots.spell_dust":1,"stat.mineBlock.tconstruct.seared":108,"stat.pickup.contenttweaker.duraluminum_rod":17,"stat.craftItem.prodigytech.ash":152,"stat.drop.contenttweaker.fire_shard":1,"stat.craftItem.minecraft.rotten_flesh":18,"stat.pickup.minecraft.wooden_slab":118,"stat.pickup.contenttweaker.duraluminum_plate":16,"stat.pickup.fenceoverhaul.oak_overhauledfence":4,"stat.leaveGame":50,"stat.useItem.tconstruct.wooden_hopper":10,"stat.craftItem.thermalfoundation.wrench":1,"stat.pickup.tconstruct.edible":126,"stat.craftItem.contenttweaker.industrial_clay":34,"stat.drop.chisel.andesite":1,"stat.useItem.exnihilocreatio.block_waterwheel":39,"stat.drop.forge.bucketfilled":1,"stat.craftItem.minecraft.string":135,"stat.mineBlock.tconstruct.dried_clay":64,"stat.craftItem.minecraft.stone_pressure_plate":1,"stat.drop.minecraft.feather":1,"stat.pickup.roots.staff":6,"stat.pickup.xreliquary.mob_ingredient":25,"stat.pickup.roots.living_pickaxe":3,"stat.killEntity.primitivemobs.skeleton_warrior":30,"stat.pickup.exnihilocreatio.block_dust":888,"stat.mineBlock.immersiveengineering.treated_wood":9,"stat.pickup.natura.materials":8,"stat.useItem.contenttweaker.particle1":1,"stat.mineBlock.contenttweaker.burned_slimedirt":1160,"stat.mineBlock.minecraft.wooden_slab":152,"stat.useItem.exnihilocreatio.block_sieve":58,"stat.pickup.erebus.small_plant":163,"stat.killEntity.Witch":17,"stat.drop.minecraft.sand":1,"stat.pickup.exnihilocreatio.item_ore_copper":3679,"stat.pickup.chisel.chisel_iron":1,"stat.craftItem.harvestcraft.paperbark_sapling":2,"stat.useItem.exnihilocreatio.item_material":26,"stat.mineBlock.darkutils.timer":8,"stat.craftItem.minecraft.wooden_pickaxe":3,"stat.mineBlock.tconstruct.clear_glass":62,"stat.drop.exnihilocreatio.block_andesite_crushed":1,"stat.craftItem.minecraft.bed":1,"stat.pickup.engineersdecor.treated_wood_stool":1,"stat.pickup.minecraft.firework_charge":5,"stat.craftItem.harvestcraft.skilletitem":2,"stat.drop.immersiveengineering.seed":1,"stat.craftItem.harvestcraft.applejellyitem":2,"stat.mineBlock.minecraft.hopper":4,"stat.pickup.thermalfoundation.material":2261,"stat.drop.minecraft.gravel":3,"stat.useItem.minecraft.pumpkin_seeds":3,"stat.mineBlock.botania.flower":29,"stat.killEntity.ZombieVillager":3,"stat.craftItem.immersiveengineering.blueprint":2,"stat.craftItem.excompressum.compressed_crook":3,"stat.useItem.projectred-expansion.machine2":1,"stat.pickup.minecraft.beef":31,"stat.pickup.chisel.stonebrick":96,"stat.useItem.blockcraftery.editable_trap_door_reinforced":71,"stat.pickup.minecraft.leather_helmet":5,"stat.mineBlock.requious.sorter_food":1,"stat.craftItem.minecraft.gunpowder":212,"stat.craftItem.contenttweaker.gold_wire":4,"stat.drop.contenttweaker.conveyor_block":2,"stat.craftItem.harvestcraft.harvestpumpkinitem":3,"stat.useItem.mysticalworld.aubergine_seed":4,"stat.pickup.minecraft.potion":1,"stat.pickup.tconstruct.smeltery_io":5,"stat.craftItem.minecraft.dropper":3,"stat.useItem.contenttweaker.iron_sand":1,"stat.useItem.minecraft.dye":180,"stat.craftItem.contenttweaker.sticky_bucket":1,"stat.useItem.minecraft.beef":1,"stat.mineBlock.enderstorage.ender_storage":3,"stat.useItem.natura.edibles":1,"stat.craftItem.darkutils.ender_hopper":1,"stat.killEntity.primitivemobs.rocket_creeper":16,"stat.useItem.harvestcraft.applecideritem":1,"stat.craftItem.natura.edibles":2,"stat.craftItem.mysticalworld.cactus_dandelion_salad":3,"stat.useItem.harvestcraft.gardensoupitem":1,"stat.useItem.tcomplement.sledge_hammer":9810,"stat.mineBlock.minecraft.tallgrass":580,"stat.craftItem.roots.fire_starter":32,"stat.pickup.cathedral.cathedral_railing_various":3,"stat.pickup.tconstruct.seared":126,"stat.mineBlock.xtones.agon":21,"stat.useItem.roots.runestone_wall":5,"stat.pickup.immersiveengineering.material":361,"stat.useItem.minecraft.stone":2291,"stat.useItem.extrautils2.flattransfernode":4,"stat.pickup.minecraft.arrow":85,"stat.useItem.roots.stone_knife":15,"stat.craftItem.harvestcraft.applecideritem":2,"stat.useItem.contenttweaker.slimy_glass":2,"stat.killEntity.Ghast":3,"stat.pickup.extrautils2.compressedcobblestone":4,"stat.pickup.tconstruct.cast_custom":1,"stat.pickup.extrautils2.redstoneclock":3,"stat.useItem.roots.spirit_herb_seed":3,"stat.craftItem.fenceoverhaul.oak_overhauledfence":15,"stat.mineBlock.prodigytech.charred_stonebricks":2,"stat.mineBlock.minecraft.chest":8,"stat.useItem.mysticalworld.stuffed_aubergine":1,"stat.useItem.biomesoplenty.plant_1":1,"stat.craftItem.moreplates.constantan_stick":4,"stat.craftItem.contenttweaker.watertight_steel_ingot":15,"stat.craftItem.minecraft.hopper":28,"stat.pickup.prodigytech.fuel_processor":1,"stat.craftItem.roots.iron_knife":2,"stat.useItem.minecraft.reeds":11,"stat.pickup.exnihilocreatio.item_ore_gold":1780,"stat.craftItem.moreplates.hammer":3,"stat.pickup.minecraft.wheat_seeds":134,"stat.drop.mysticalagriculture.crafting":17,"stat.pickup.roots.spirit_herb":23,"stat.useItem.roots.wildroot":10,"stat.pickup.chisel.andesite":83,"stat.mineBlock.minecraft.glass":9,"stat.useItem.quark.black_ash":6,"stat.pickup.darkutils.material":11,"stat.mineBlock.minecraft.dirt":306,"stat.useItem.roots.wood_knife":1,"stat.pickup.minecraft.poisonous_potato":13,"stat.pickup.immersiveengineering.seed":57,"stat.pickup.roots.wildroot":103,"stat.craftItem.contenttweaker.zinc_ingot":45,"stat.pickup.contenttweaker.duraluminum_gear":56,"stat.pickup.xtones.fort":32,"stat.useItem.minecraft.cobblestone":1428,"stat.useItem.minecraft.gravel":1663,"stat.mineBlock.minecraft.double_plant":1,"stat.craftItem.roots.wildroot_stew":2,"stat.craftItem.exnihilocreatio.block_waterwheel":76,"stat.useItem.prodigytech.crystal_cutter":141,"stat.craftItem.exnihilocreatio.block_sieve":33,"stat.useItem.tconstruct.pickaxe":2173,"stat.drop.minecraft.carrot":3,"stat.drop.excompressum.compressed_crook":1,"stat.craftItem.minecraft.gold_ingot":1,"stat.mineBlock.chisel.stonebrick1":21,"stat.pickup.minecraft.hopper":4,"stat.craftItem.chisel.chisel_iron":1,"stat.craftItem.immersiveengineering.metal_decoration1_slab":30,"stat.pickup.minecraft.apple":90,"stat.craftItem.immersiveengineering.tool":3,"stat.useItem.exnihilocreatio.block_axle_stone":11,"stat.pickup.integrateddynamics.squeezer":6,"stat.craftItem.prodigytech.solderer":1,"stat.useItem.enderio.block_reservoir":3,"stat.craftItem.xtones.base":992,"stat.craftItem.contenttweaker.watertight_steel_dust":38,"stat.pickup.contenttweaker.brick_dust":135,"stat.mineBlock.morefurnaces.furnaceblock":3,"stat.pickup.roots.petals":9,"stat.mineBlock.minecraft.log":3958,"stat.pickup.contenttweaker.slimy_sand":2,"stat.mineBlock.exnihilocreatio.block_crucible":5,"stat.pickup.minecraft.red_flower":32,"stat.pickup.exnihilocreatio.block_sieve":37,"stat.craftItem.roots.pestle":3,"stat.pickup.immersiveengineering.connector":7,"stat.drop.botania.manaresource":1,"stat.pickup.mcwbridges.stone_brick_bridge":2,"stat.craftItem.tconstruct.slime":1,"stat.craftItem.storagedrawers.basicdrawers":50,"stat.craftItem.projectred-expansion.plan":1,"stat.craftItem.tconstruct.edible":37,"stat.pickup.mysticalworld.silk_cocoon":1,"stat.mineBlock.roots.runestone":3,"stat.useItem.tconstruct.mattock":5058,"stat.useItem.mysticalcreations.bilim_seeds":6,"stat.mineBlock.minecraft.yellow_flower":54,"stat.useItem.xtones.fort":509,"stat.craftItem.thermalfoundation.storage_alloy":15,"stat.drop.thermalfoundation.material":13,"stat.craftItem.minecraft.wool":41,"stat.craftItem.mysticalcreations.bilim_seeds":3,"stat.craftItem.roots.wooden_shears":4,"stat.drop.engineersdecor.treated_wood_side_table":1,"stat.useItem.prodigytech.sugar_cube":1,"stat.useItem.minecraft.obsidian":3,"stat.useItem.minecraft.cookie":2,"stat.pickup.minecraft.bow":6,"stat.craftItem.morefurnaces.furnaceblock":5,"stat.pickup.roots.elemental_soil":4,"stat.craftItem.harvestcraft.gardensoupitem":2,"stat.drop.roots.herb_pouch":1,"stat.useItem.tconstruct.clear_glass":106,"stat.mineBlock.minecraft.obsidian":3,"stat.drop.biomesoplenty.fleshchunk":3,"stat.craftItem.harvestcraft.applesauceitem":2,"stat.flyOneCm":4710076,"stat.pickup.actuallyadditions.item_booklet":1,"stat.pickup.minecraft.fish":2,"stat.mineBlock.immersiveengineering.metal_decoration2":1,"stat.useItem.extrautils2.compressedgravel":4,"stat.mineBlock.immersiveengineering.metal_decoration0":5,"stat.craftItem.extrautils2.grocket":26,"stat.craftItem.botania.dye":125,"stat.timeSinceDeath":826150,"stat.craftItem.contenttweaker.simple_motor":38,"stat.craftItem.immersiveengineering.treated_wood":312,"stat.useItem.prodigytech.automatic_crystal_cutter":3,"stat.craftItem.betterbuilderswands.wandiron":12,"stat.killEntity.mod_lavacow.parasite":3,"stat.mineBlock.excompressum.bait":6,"stat.useItem.minecraft.potato":20,"stat.pickup.biomesoplenty.double_plant":68,"stat.craftItem.tconstruct.seared":452,"stat.useItem.natura.overworld_seeds":5,"stat.drop.minecraft.firework_charge":2,"stat.craftItem.prodigytech.capacitor_charger":2,"stat.talkedToVillager":2,"stat.pickup.extrautils2.ingredients":1,"stat.pickup.botania.manaresource":3457,"stat.pickup.minecraft.string":654,"stat.mineBlock.minecraft.ladder":1,"stat.craftItem.prodigytech.crystal_cutter":12,"stat.craftItem.roots.terra_spores":126,"stat.pickup.extrautils2.glasscutter":1,"stat.craftItem.tconstruct.tooltables":61,"stat.useItem.erebus.bambucket":212,"stat.craftItem.contenttweaker.gold_coil":1,"stat.pickup.minecraft.bone_block":1,"stat.pickup.contenttweaker.bamboo_dust":10,"stat.craftItem.tconstruct.ingots":54,"stat.useItem.enderstorage.ender_storage":1,"stat.pickup.roots.pestle":49,"stat.craftItem.exnihilocreatio.hammer_wood":2,"stat.craftItem.immersiveengineering.wirecoil":63,"stat.craftItem.natura.nether_heat_sand":503,"stat.useItem.minecraft.ladder":24,"stat.craftItem.exnihilocreatio.item_cooked_silkworm":1,"stat.pickup.roots.terra_spores":3,"stat.pickup.moreplates.bronze_stick":2,"stat.craftItem.blockcraftery.editable_block_reinforced":120,"stat.diveOneCm":28371,"stat.pickup.chisel.stonebrick1":56,"stat.pickup.tconstruct.tooltables":8,"stat.pickup.storagedrawers.basicdrawers":5,"stat.craftItem.minecraft.ladder":45,"stat.craftItem.exnihilocreatio.item_ore_osmium":3,"stat.mineBlock.minecraft.stone_button":1,"stat.pickup.exnihilocreatio.block_crucible":6,"stat.useItem.roots.living_pickaxe":1639,"stat.useItem.minecraft.chicken":1,"stat.useItem.bonsaitrees.bonsaipot":1,"stat.craftItem.prodigytech.pattern_circuit_refined":1,"stat.useItem.immersiveengineering.metal_decoration1_slab":29,"stat.useItem.minecraft.rotten_flesh":1,"stat.pickup.roots.roots_guide":1,"stat.mineBlock.immersiveengineering.connector":7,"stat.craftItem.exnihilocreatio.block_crucible":4,"stat.jump":19431,"stat.useItem.minecraft.sand":321,"stat.pickup.erebus.planks":29,"stat.craftItem.contenttweaker.manyullyn_dust":8,"stat.craftItem.minecraft.torch":220,"stat.useItem.actuallyadditions.item_hoe_obsidian":62,"stat.useItem.minecraft.glass":5,"stat.craftItem.roots.grove_stone":2,"stat.useItem.minecraft.sapling":577,"stat.pickup.actuallyadditions.item_flax_seed":14,"stat.craftItem.mysticalworld.cooked_beetroot":8,"stat.damageTaken":17642,"stat.useItem.extrautils2.redstoneclock":1,"stat.pickup.botania.doubleflower2":38,"stat.mineBlock.minecraft.melon_block":17,"stat.pickup.botania.doubleflower1":19,"stat.mineBlock.minecraft.sapling":11,"stat.pickup.minecraft.log2":40,"stat.pickup.minecraft.bed":2,"stat.useItem.chisel.glass":6,"stat.pickup.exnihilocreatio.item_seed_potato":10,"stat.pickup.minecraft.potato":212,"stat.useItem.forge.bucketfilled":28,"stat.mineBlock.contenttweaker.conveyor_block":2,"stat.useItem.immersiveengineering.metal_device1":25,"stat.mineBlock.exnihilocreatio.block_barrel1":8,"stat.mineBlock.exnihilocreatio.block_barrel0":50,"stat.craftItem.minecraft.stone_slab":1390,"stat.useItem.harvestcraft.carrotjuiceitem":1,"stat.animalsBred":31,"stat.useItem.minecraft.chest":22,"stat.pickup.prodigytech.magmatic_aeroheater":4,"stat.useItem.prodigytech.meat_ground":2,"stat.pickup.prodigytech.ferramic_ingot":1,"stat.pickup.blockcraftery.editable_trap_door":18,"stat.craftItem.mekanism.ingot":10,"stat.mineBlock.quark.black_ash":9,"stat.useItem.tconstruct.faucet":5,"stat.useItem.roots.elemental_soil_earth":7,"stat.pickup.roots.wildewheet_seed":27,"stat.mineBlock.contenttweaker.slimy_glass":4,"stat.pickup.minecraft.baked_potato":25,"stat.drop.minecraft.potato":13,"stat.pickup.minecraft.ender_pearl":2,"stat.killEntity.primitivemobs.traveling_merchant":1,"stat.craftItem.contenttweaker.pilkeum":42,"stat.drop.minecraft.wooden_slab":1,"stat.pickup.minecraft.ladder":1,"stat.craftItem.engineersdecor.small_electrical_furnace":1,"stat.useItem.minecraft.netherrack":3,"stat.pickup.requious.sorter_livespan":1,"stat.craftItem.blockcraftery.editable_trap_door_reinforced":52,"stat.mineBlock.minecraft.stonebrick":1,"stat.craftItem.exnihilocreatio.item_ore_ardite":3,"stat.drop.minecraft.cookie":1,"stat.craftItem.contenttweaker.bauxite_dust":128,"stat.craftItem.minecraft.shears":2,"stat.pickup.xreliquary.witch_hat":1,"stat.pickup.betterbuilderswands.wandiron":4,"stat.pickup.minecraft.torch":160,"stat.craftItem.harvestcraft.heavycreamitem":2,"stat.useItem.extrautils2.minichest":2,"stat.drop.minecraft.arrow":25,"stat.mineBlock.exnihilocreatio.block_sieve":37,"stat.useItem.fenceoverhaul.oak_overhauledfence":17,"stat.pickup.roots.mortar":1,"stat.pickup.tconstruct.book":4,"stat.mineBlock.storagedrawers.basicdrawers":4,"stat.mineBlock.tconstruct.seared_tank":7,"stat.pickup.exnihilocreatio.item_ore_ardite":519,"stat.pickup.tconstruct.wooden_hopper":14,"stat.craftItem.akashictome.tome":11,"stat.pickup.moreplates.osmium_gear":14,"stat.killEntity.trumpetskeleton.TrumpetSkeleton":17,"stat.drop.roots.ritual_transmutation":1,"stat.pickup.minecraft.fishing_rod":1,"stat.mineBlock.extrautils2.compressedcobblestone":76,"stat.useItem.harvestcraft.driedsoupitem":1,"stat.useItem.minecraft.planks":84,"stat.drop.exnihilocreatio.block_netherrack_crushed":1,"stat.pickup.enderstorage.ender_storage":3,"stat.pickup.blockcraftery.editable_trap_door_reinforced":57,"stat.pickup.minecraft.blaze_powder":447,"stat.pickup.minecraft.glass":217,"stat.craftItem.immersiveengineering.metal_device0":1,"stat.craftItem.immersiveengineering.metal_device1":29,"stat.craftItem.moreplates.gold_stick":4,"stat.useItem.minecraft.water_bucket":8,"stat.pickup.xtones.agon":18,"stat.pickup.minecraft.sand":2594,"stat.pickup.contenttweaker.particle1":2,"stat.useItem.harvestcraft.gravyitem":1,"stat.craftItem.harvestcraft.juiceritem":2,"stat.pickup.contenttweaker.weak_enhancer":60,"stat.craftItem.extrautils2.redstoneclock":8,"stat.mineBlock.openblocks.tank":166,"stat.mineBlock.appliedenergistics2.grindstone":2,"stat.drop.minecraft.jukebox":1,"stat.mineBlock.exnihilocreatio.block_infested_leaves":416,"stat.pickup.chisel.cobblestone2":23,"stat.pickup.immersiveengineering.wirecoil":5,"stat.craftItem.requious.altar":16,"stat.pickup.immersiveengineering.coresample":2,"stat.drop.mysticalworld.silkworm_egg":16,"stat.mineBlock.tconstruct.slime_grass_tall":3,"stat.pickup.modularmachinery.blockinputbus":1,"stat.craftItem.storagedrawers.quantify_key":1,"stat.pickup.projectred-core.resource_item":1,"stat.pickup.exnihilocreatio.block_barrel0":50,"stat.pickup.actuallyadditions.item_worm":2,"stat.useItem.immersiveengineering.connector":11,"stat.useItem.minecraft.oak_stairs":19,"stat.mineBlock.requious.sorter_livespan":1,"stat.pickup.contenttweaker.basic_modularium":123,"stat.pickup.appliedenergistics2.crystal_seed":539,"stat.pickup.exnihilocreatio.block_barrel1":6,"stat.useItem.contenttweaker.slimy_sand":2,"stat.pickup.actuallyadditions.item_solidified_experience":57,"stat.drop.minecraft.stone_slab":1,"stat.drop.exnihilocreatio.block_sieve":1,"stat.craftItem.erebus.materials":116,"stat.pickup.minecraft.furnace":8,"stat.useItem.minecraft.redstone":8,"stat.pickup.roots.runic_shears":5,"stat.pickup.contenttweaker.iron_sand":526,"stat.pickup.exnihilocreatio.item_ore_iron":12233,"stat.craftItem.contenttweaker.firebrick":27,"stat.pickup.minecraft.skull":5,"stat.useItem.minecraft.stone_stairs":2,"stat.pickup.exnihilocreatio.item_ore_osmium":854,"stat.craftItem.roots.imbuer":1,"stat.useItem.harvestcraft.melonjuiceitem":1,"stat.mineBlock.mcwbridges.stone_brick_bridge":3,"stat.craftItem.exnihilocreatio.hammer_iron":17,"stat.drop.minecraft.wooden_hoe":1,"stat.craftItem.minecraft.sand":9,"stat.useItem.immersiveengineering.seed":3,"stat.pickup.exnihilocreatio.item_seed_carrot":3,"stat.mineBlock.exnihilocreatio.block_auto_sifter":3,"stat.craftItem.ironchest.iron_chest":14,"stat.pickup.exnihilocreatio.item_ore_nickel":29,"stat.useItem.minecraft.hopper":3,"stat.craftItem.harvestcraft.carrotjuiceitem":28,"stat.mineBlock.minecraft.oak_stairs":9,"stat.playOneMinute":8551752,"stat.pickup.tconstruct.rack":8,"stat.drop.minecraft.string":3,"stat.pickup.mysticalworld.aubergine_seed":93,"stat.mineBlock.prodigytech.magmatic_aeroheater":5,"stat.mineBlock.contenttweaker.slimy_sand":2,"stat.useItem.minecraft.shears":1,"stat.pickup.natura.overworld_seeds":44,"stat.pickup.natura.nether_tainted_soil":503,"stat.pickup.minecraft.dispenser":2,"stat.useItem.mcwlights.oak_tiki_torch":3,"stat.craftItem.immersiveengineering.wooden_device1":2,"stat.craftItem.immersiveengineering.wooden_device0":1,"stat.craftItem.appliedenergistics2.material":17,"stat.craftItem.minecraft.carpet":3,"stat.mineBlock.minecraft.netherrack":174,"stat.mineBlock.minecraft.dispenser":2,"stat.craftItem.harvestcraft.mixingbowlitem":1,"stat.mineBlock.appliedenergistics2.sky_stone_block":46,"stat.pickup.contenttweaker.fireclay":1,"stat.useItem.betterbuilderswands.wandstone":32,"stat.craftItem.mcwlights.covered_lantern":1,"stat.mineBlock.tconstruct.faucet":13,"stat.pickup.tconstruct.seared_furnace_controller":2,"stat.craftItem.minecraft.iron_nugget":198,"stat.craftItem.appliedenergistics2.grindstone":3,"stat.fallOneCm":189562,"stat.craftItem.roots.wood_knife":2,"stat.craftItem.minecraft.chest":207,"stat.mineBlock.minecraft.lever":7,"stat.pickup.minecraft.red_mushroom":75,"stat.craftItem.xreliquary.mob_ingredient":6,"stat.craftItem.thermalexpansion.reservoir":7,"stat.mineBlock.xtones.fort":37,"stat.mineBlock.prodigytech.blower_furnace":1,"stat.craftItem.enderio.block_reservoir":8,"stat.useItem.cathedral.dwemer_block_carved":39,"stat.pickup.minecraft.feather":5,"stat.mineBlock.fenceoverhaul.oak_overhauledfence":4,"stat.craftItem.tconstruct.seared_tank":2,"stat.useItem.mysticalworld.silkworm_egg":3,"stat.craftItem.exnihilocreatio.block_auto_sifter":3,"stat.mineBlock.roots.mortar":1,"stat.craftItem.minecraft.oak_stairs":24,"stat.entityKilledBy.Ghast":1,"stat.drop.minecraft.stick":2,"stat.pickup.minecraft.record_13":5,"stat.mineBlock.exnihilocreatio.block_dust":4,"stat.mineBlock.modularmachinery.blockfluidinputhatch":1,"stat.craftItem.harvestcraft.stockitem":18,"stat.useItem.harvestcraft.cactussoupitem":1,"stat.useItem.extrautils2.grocket":6,"stat.drop.excompressum.bait":1,"stat.useItem.exnihilocreatio.item_seed_cactus":8,"stat.craftItem.extrautils2.compressedgravel":71,"stat.useItem.prodigytech.energion_crystal_seed":147,"stat.pickup.contenttweaker.slime_shard":3035,"stat.pickup.roots.infernal_bulb":6,"stat.pickup.mysticalcreations.bilim_essence":170,"stat.pickup.minecraft.log":5114,"stat.pickup.minecraft.tallgrass":56,"stat.pickup.moreplates.lead_stick":23,"stat.mineBlock.chisel.andesite":83,"stat.useItem.contenttweaker.conveyor_block":1,"stat.drop.contenttweaker.pilkon_corpse":1,"stat.mineBlock.minecraft.iron_block":3,"stat.craftItem.tconstruct.smeltery_controller":1,"stat.drop.mcwbridges.stone_brick_bridge_end":2,"stat.mineBlock.unlimitedchiselworks.chisel_stonebrick_prodigytech_charred_stonebricks_0":36,"stat.mineBlock.erebus.log_bamboo":1,"stat.craftItem.harvestcraft.driedsoupitem":2,"stat.craftItem.prodigytech.rotary_grinder":3,"stat.craftItem.thermaldynamics.duct_0":12,"stat.mineBlock.requious.altar":18,"stat.craftItem.prodigytech.fuel_pellet_4":48,"stat.pickup.immersiveengineering.metal_device0":3,"stat.pickup.immersiveengineering.metal_device1":5,"stat.useItem.mysticalworld.aubergine":12,"stat.pickup.tconstruct.slime_boots":3,"stat.useItem.minecraft.beetroot_seeds":4,"stat.craftItem.prodigytech.fuel_pellet_1":802,"stat.sneakTime":158281,"stat.mineBlock.minecraft.jukebox":1,"stat.useItem.excompressum.compressed_hammer_iron":193,"stat.useItem.minecraft.beetroot":3,"stat.pickup.minecraft.chest":8,"stat.pickup.contenttweaker.lesmium_rod":13,"stat.useItem.thermalfoundation.storage_alloy":2,"stat.craftItem.roots.spirit_herb_seed":4,"stat.drop.minecraft.beetroot":2,"stat.drop.contenttweaker.pilkeum":1,"stat.craftItem.immersiveengineering.connector":60,"stat.craftItem.botania.petal":236,"stat.craftItem.tconstruct.faucet":5,"stat.craftItem.prodigytech.ferramic_dust":18,"stat.craftItem.extrautils2.compressedcobblestone":64,"stat.pickup.roots.stalicripe":4,"stat.swimOneCm":44095,"stat.pickup.quark.glass_shards":6,"stat.drop.excompressum.double_compressed_diamond_hammer":1,"stat.pickup.exnihilocreatio.block_auto_sifter":3,"stat.mineBlock.blockcraftery.editable_trap_door_reinforced":32,"stat.useItem.minecraft.dirt":307,"stat.useItem.exnihilocreatio.block_auto_sifter":4,"stat.useItem.botania.fertilizer":9,"stat.useItem.chisel.andesite":155,"stat.drop.exnihilocreatio.item_seed_potato":2,"stat.useItem.roots.wildewheet_bread":1,"stat.mineBlock.biomesoplenty.double_plant":38,"stat.craftItem.erebus.bambucket":29,"stat.craftItem.prodigytech.carbon_plate":273,"stat.drop.chisel.chisel_iron":1,"stat.pickup.minecraft.clay":120,"stat.pickup.minecraft.glass_bottle":8,"stat.pickup.appliedenergistics2.material":300,"stat.drop.minecraft.wheat_seeds":7,"stat.craftItem.minecraft.wooden_slab":1000,"stat.drop.minecraft.log":3,"stat.useItem.minecraft.sign":16,"stat.craftItem.contenttweaker.duraluminum_block":4,"stat.drop.tconstruct.tooltables":1,"stat.mineBlock.blockcraftery.editable_trap_door":18,"stat.pickup.minecraft.stonebrick":15,"stat.craftItem.moreplates.copper_stick":35,"stat.craftItem.contenttweaker.bonsai_sapling":1,"stat.drop.minecraft.beetroot_seeds":6,"stat.useItem.immersiveengineering.treated_wood":47,"stat.craftItem.minecraft.brick_block":15,"stat.craftItem.minecraft.stone_slab2":13,"stat.useItem.xtones.agon":21,"stat.pickup.actuallyadditions.item_misc":209,"stat.useItem.roots.runestone":19,"stat.drop.natura.materials":3,"stat.drop.minecraft.potion":1,"stat.useItem.minecraft.stone_slab":147,"stat.pickup.exnihilocreatio.block_netherrack_crushed":129,"stat.craftItem.contenttweaker.singularity_dust":2,"stat.pickup.exnihilocreatio.item_material":97,"stat.useItem.immersiveengineering.wirecoil":17,"stat.craftItem.minecraft.stone":2384,"stat.useItem.tconstruct.casting":3,"stat.mineBlock.minecraft.crafting_table":1,"stat.mineBlock.minecraft.quartz_block":73,"stat.useItem.minecraft.carrot":31,"stat.useItem.minecraft.wheat":7,"stat.craftItem.contenttweaker.lesmium_dust":58,"stat.craftItem.natura.materials":6,"stat.pickup.exnihilocreatio.block_waterwheel":4,"stat.craftItem.moreplates.bronze_stick":35,"stat.craftItem.harvestcraft.potitem":1,"stat.pickup.minecraft.stone_button":11,"stat.pickup.minecraft.slime_ball":22,"stat.useItem.harvestcraft.chocovoxelsitem":1,"stat.craftItem.mcwlights.oak_tiki_torch":4,"stat.killEntity.primitivemobs.haunted_tool":2,"stat.craftItem.exnihilocreatio.item_ore_copper":243,"stat.useItem.thermalfoundation.wrench":9,"stat.pickup.minecraft.gravel":4060,"stat.useItem.extrautils2.compressedcobblestone":7,"stat.craftItem.betterbuilderswands.wandstone":1,"stat.craftItem.prodigytech.fuel_pellet_16":12,"stat.craftItem.contenttweaker.slimy_sand":4960,"stat.useItem.exnihilocreatio.block_dust":2,"stat.mineBlock.tconstruct.slime_dirt":61,"stat.pickup.roots.runic_dust":22,"stat.pickup.exnihilocreatio.item_ore_tin":1129,"stat.useItem.immersiveengineering.metal_decoration2":2,"stat.useItem.immersiveengineering.metal_decoration1":41,"stat.useItem.immersiveengineering.metal_decoration0":11,"stat.pickup.minecraft.brick":12,"stat.useItem.openblocks.tank":82,"stat.useItem.storagedrawers.basicdrawers":19,"stat.pickup.mcwbridges.rope_oak_bridge":27,"stat.craftItem.tconstruct.rack":8,"stat.useItem.tconstruct.tooltables":47,"stat.craftItem.bonsaitrees.bonsaipot":8,"stat.pickup.mysticalworld.cooked_carrot":9,"stat.pickup.minecraft.spider_eye":2,"stat.craftItem.exnihilocreatio.block_axle_stone":103,"stat.pickup.minecraft.iron_ore":400,"stat.pickup.tconstruct.slime_congealed":7,"stat.craftItem.prodigytech.ferramic_gear":19,"stat.craftItem.immersiveengineering.metal_decoration1":87,"stat.craftItem.immersiveengineering.metal_decoration2":6,"stat.useItem.roots.stalicripe":2,"stat.pickup.minecraft.leaves":294,"stat.craftItem.immersiveengineering.metal_decoration0":35,"stat.pickup.minecraft.leather":19,"stat.dispenserInspected":15,"stat.craftItem.roots.pyre":8,"stat.craftItem.contenttweaker.duraluminum_ingot":162,"stat.pickup.mysticalagriculture.crafting":63,"stat.useItem.harvestcraft.applejellyitem":1,"stat.pickup.minecraft.reeds":510,"stat.pickup.mysticalagriculture.fertilized_essence":5,"stat.craftItem.prodigytech.magnetic_reassembler":2,"stat.pickup.tconstruct.materials":13,"stat.craftItem.cathedral.dwemer_block_carved":192,"stat.pickup.thermalfoundation.storage_alloy":2,"stat.drop.roots.spell_dust":1,"stat.craftItem.storagedrawers.controller":3,"stat.drop.actuallyadditions.item_hoe_obsidian":1,"stat.sleepInBed":164,"stat.pickup.contenttweaker.dried_gravel":88,"stat.craftItem.minecraft.baked_potato":21,"stat.drop.biomesoplenty.double_plant":4,"stat.killEntity.Cow":17,"stat.craftItem.mysticalworld.aubergine_seed":6,"stat.craftItem.prodigytech.enriched_fuel":144,"stat.walkOneCm":9371866,"stat.craftItem.excompressum.compressed_block":589,"stat.craftItem.harvestcraft.seedsoupitem":2,"stat.pickup.minecraft.clay_ball":162,"stat.pickup.immersiveengineering.treated_wood":10,"stat.useItem.immersiveengineering.sheetmetal":65,"stat.useItem.exnihilocreatio.block_diorite_crushed":8,"stat.craftItem.botania.flowerbag":1,"stat.drop.chisel.stonebrick":1,"stat.pickup.exnihilocreatio.block_andesite_crushed":1891,"stat.pickup.minecraft.tnt":2,"stat.pickup.minecraft.stone":1237,"stat.pickup.biomesoplenty.fleshchunk":169,"stat.pickup.tcomplement.sledge_hammer":5,"stat.pickup.minecraft.gold_ingot":4,"stat.killEntity.Skeleton":53,"stat.mineBlock.minecraft.cactus":64,"stat.craftItem.exnihilocreatio.item_ore_tin":80,"stat.useItem.betterbuilderswands.wandiron":454,"stat.killEntity.Spider":13,"stat.craftItem.ironchest.wood_iron_chest_upgrade":3,"stat.mineBlock.biomesoplenty.flesh":181,"stat.pickup.minecraft.quartz":477,"stat.pickup.minecraft.water_bucket":1,"stat.mineBlock.extrautils2.redstoneclock":3,"stat.useItem.chisel.cobblestone2":144,"stat.mineBlock.tconstruct.casting":18,"stat.craftItem.prodigytech.fuel_processor":1,"stat.craftItem.contenttweaker.lesmium_gear":3,"stat.craftItem.minecraft.brick":187,"stat.mineBlock.immersiveengineering.stone_decoration":48,"stat.craftItem.exnihilocreatio.item_mesh":39,"stat.mineBlock.minecraft.stone":3941}