{
  "minecraft:recipes/tools/fishing_rod": {
    "criteria": {
      "has_string": "2024-07-28 15:27:49 +0300"
    },
    "done": true
  },
  "minecraft:recipes/decorations/purple_stained_glass_pane": {
    "criteria": {
      "has_glass": "2024-07-27 21:59:34 +0300"
    },
    "done": true
  },
  "minecraft:recipes/building_blocks/black_stained_glass": {
    "criteria": {
      "has_glass": "2024-07-27 21:59:34 +0300"
    },
    "done": true
  },
  "erebus:exploration/entomology": {
    "criteria": {
      "kill_magma_crawler": "2024-07-28 15:23:18 +0300",
      "kill_antlion": "2024-07-28 15:22:47 +0300",
      "kill_fly": "2024-07-28 15:21:25 +0300"
    },
    "done": false
  },
  "erebus:exploration/beetlejuice": {
    "criteria": {
      "bucket": "2024-07-30 11:51:52 +0300"
    },
    "done": true
  },
  "roots:baffle_cap": {
    "criteria": {
      "book": "2024-09-16 13:16:17 +0300"
    },
    "done": true
  },
  "minecraft:recipes/redstone/lever": {
    "criteria": {
      "has_cobblestone": "2024-08-15 14:27:46 +0300"
    },
    "done": true
  },
  "mysticalworld:root": {
    "criteria": {
      "auto": "2024-07-26 18:46:10 +0300"
    },
    "done": true
  },
  "minecraft:recipes/redstone/observer": {
    "criteria": {
      "has_quartz": "2024-08-26 16:43:06 +0300"
    },
    "done": true
  },
  "aether_legacy:recipes/tools/gravitite_shovel": {
    "criteria": {
      "has_enchanted_gravitite": "2024-09-06 15:31:33 +0300"
    },
    "done": true
  },
  "erebus:exploration/planticide": {
    "criteria": {
      "planticide": "2024-07-31 21:10:27 +0300"
    },
    "done": true
  },
  "projecte:red_matter": {
    "criteria": {
      "rm": "2024-08-07 19:25:26 +0300"
    },
    "done": true
  },
  "astralsorcery:root": {
    "criteria": {
      "astralsorcery_present": "2024-07-26 18:46:11 +0300"
    },
    "done": true
  },
  "minecraft:recipes/building_blocks/lime_concrete_powder": {
    "criteria": {
      "has_sand": "2024-08-02 09:35:18 +0300"
    },
    "done": true
  },
  "minecraft:recipes/building_blocks/nether_brick_slab": {
    "criteria": {
      "has_nether_brick": "2024-08-14 14:05:19 +0300"
    },
    "done": true
  },
  "minecraft:recipes/building_blocks/gray_stained_glass": {
    "criteria": {
      "has_glass": "2024-07-27 21:59:34 +0300"
    },
    "done": true
  },
  "minecraft:recipes/building_blocks/yellow_concrete_powder": {
    "criteria": {
      "has_sand": "2024-08-02 09:35:18 +0300"
    },
    "done": true
  },
  "minecraft:recipes/combat/leather_helmet": {
    "criteria": {
      "has_leather": "2024-08-27 16:53:45 +0300"
    },
    "done": true
  },
  "minecraft:recipes/misc/pumpkin_seeds": {
    "criteria": {
      "has_pumpkin": "2024-10-20 16:31:14 +0300"
    },
    "done": true
  },
  "minecraft:recipes/building_blocks/magenta_wool": {
    "criteria": {
      "has_white_wool": "2024-08-21 13:04:40 +0300"
    },
    "done": true
  },
  "minecraft:recipes/decorations/crafting_table": {
    "criteria": {
      "has_planks": "2024-08-28 18:07:05 +0300"
    },
    "done": true
  },
  "minecraft:recipes/building_blocks/purple_stained_glass": {
    "criteria": {
      "has_glass": "2024-07-27 21:59:34 +0300"
    },
    "done": true
  },
  "aether_legacy:recipes/combat/gravitite_leggings": {
    "criteria": {
      "has_enchanted_gravitite": "2024-09-06 15:31:33 +0300"
    },
    "done": true
  },
  "minecraft:recipes/misc/map": {
    "criteria": {
      "has_compass": "2024-08-10 19:35:46 +0300"
    },
    "done": true
  },
  "minecraft:recipes/decorations/ladder": {
    "criteria": {
      "has_stick": "2024-10-01 18:14:07 +0300"
    },
    "done": true
  },
  "minecraft:recipes/decorations/chest": {
    "criteria": {
      "has_lots_of_items": "2024-07-26 18:58:48 +0300"
    },
    "done": true
  },
  "minecraft:recipes/decorations/magenta_stained_glass_pane": {
    "criteria": {
      "has_glass": "2024-07-27 21:59:34 +0300"
    },
    "done": true
  },
  "minecraft:recipes/building_blocks/red_sandstone": {
    "criteria": {
      "has_sand": "2024-08-31 14:15:13 +0300"
    },
    "done": true
  },
  "minecraft:recipes/tools/wooden_shovel": {
    "criteria": {
      "has_stick": "2024-10-01 18:14:07 +0300"
    },
    "done": true
  },
  "prodigytech:main/root": {
    "criteria": {
      "crafting_table": "2024-08-28 07:27:36 +0300"
    },
    "done": true
  },
  "minecraft:recipes/tools/shears": {
    "criteria": {
      "has_iron_ingot": "2024-08-28 07:27:36 +0300"
    },
    "done": true
  },
  "minecraft:recipes/misc/stick": {
    "criteria": {
      "has_planks": "2024-08-28 18:07:05 +0300"
    },
    "done": true
  },
  "minecraft:recipes/redstone/redstone_lamp": {
    "criteria": {
      "has_glowstone": "2024-07-26 20:39:56 +0300"
    },
    "done": true
  },
  "roots:infernal_bulb": {
    "criteria": {
      "book": "2024-10-01 19:14:43 +0300"
    },
    "done": true
  },
  "erebus:exploration/kill_all": {
    "criteria": {
      "kill_magma_crawler": "2024-07-28 15:23:18 +0300",
      "kill_antlion": "2024-07-28 15:22:47 +0300",
      "kill_fly": "2024-07-28 15:21:25 +0300"
    },
    "done": false
  },
  "biomesoplenty:recipes/transportation/boat_ethereal": {
    "criteria": {
      "entered_water": "2024-08-11 08:46:31 +0300"
    },
    "done": true
  },
  "minecraft:recipes/misc/pink_dye_from_red_bonemeal": {
    "criteria": {
      "has_bonemeal": "2024-07-26 20:37:22 +0300"
    },
    "done": true
  },
  "mod_lavacow:mod_lavacow/kill_foglet": {
    "criteria": {
      "kill_foglet": "2024-08-22 12:50:27 +0300"
    },
    "done": true
  },
  "minecraft:recipes/transportation/detector_rail": {
    "criteria": {
      "has_rail": "2024-10-24 18:43:24 +0300"
    },
    "done": true
  },
  "aether_legacy:recipes/combat/leather_gloves": {
    "criteria": {
      "has_leather": "2024-08-27 16:53:45 +0300"
    },
    "done": true
  },
  "minecraft:recipes/combat/iron_leggings": {
    "criteria": {
      "has_iron_ingot": "2024-08-28 07:27:36 +0300"
    },
    "done": true
  },
  "minecraft:recipes/building_blocks/sandstone_stairs": {
    "criteria": {
      "has_sandstone": "2024-09-16 13:23:32 +0300"
    },
    "done": true
  },
  "minecraft:recipes/brewing/golden_carrot": {
    "criteria": {
      "has_gold_nugget": "2024-08-09 19:20:04 +0300"
    },
    "done": true
  },
  "minecraft:recipes/combat/shield": {
    "criteria": {
      "has_iron_ingot": "2024-08-28 07:27:36 +0300"
    },
    "done": true
  },
  "minecraft:recipes/building_blocks/cobblestone_slab": {
    "criteria": {
      "has_cobblestone": "2024-08-15 14:27:46 +0300"
    },
    "done": true
  },
  "minecraft:recipes/misc/iron_ingot_from_block": {
    "criteria": {
      "has_iron_block": "2024-08-28 07:52:00 +0300"
    },
    "done": true
  },
  "minecraft:recipes/decorations/gray_bed": {
    "criteria": {
      "has_gray_wool": "2024-08-24 12:35:54 +0300"
    },
    "done": true
  },
  "minecraft:recipes/redstone/hopper": {
    "criteria": {
      "has_iron_ingot": "2024-08-28 07:27:36 +0300"
    },
    "done": true
  },
  "minecraft:recipes/building_blocks/coarse_dirt": {
    "criteria": {
      "has_gravel": "2024-08-29 12:50:40 +0300"
    },
    "done": true
  },
  "atum:core/powerwasher": {
    "criteria": {
      "ruby_ring": "2024-09-16 13:02:20 +0300",
      "sapphire_broach": "2024-09-16 13:10:49 +0300",
      "diamond_idol": "2024-09-16 13:10:24 +0300",
      "gold_broach": "2024-09-16 13:10:30 +0300",
      "sapphire_necklace": "2024-09-16 13:02:06 +0300",
      "sapphire_scepter": "2024-09-16 13:10:45 +0300",
      "gold_idol": "2024-09-16 13:02:09 +0300"
    },
    "done": false
  },
  "minecraft:recipes/redstone/fence_gate": {
    "criteria": {
      "has_planks": "2024-08-28 18:07:05 +0300"
    },
    "done": true
  },
  "integrateddynamics:root": {
    "criteria": {
      "criteria_0": "2024-07-26 18:46:21 +0300"
    },
    "done": true
  },
  "biomesoplenty:recipes/transportation/boat_mangrove": {
    "criteria": {
      "entered_water": "2024-08-11 08:46:31 +0300"
    },
    "done": true
  },
  "enderioconduits:item/3_advanced_filter": {
    "criteria": {
      "inv_changed-enderio:item_advanced_item_filter": "2024-08-16 20:01:14 +0300"
    },
    "done": true
  },
  "minecraft:recipes/building_blocks/light_gray_concrete_powder": {
    "criteria": {
      "has_sand": "2024-08-02 09:35:18 +0300"
    },
    "done": true
  },
  "mcwlights:recipes/redstone_slab": {
    "criteria": {
      "has_wood": "2024-08-01 08:40:27 +0300"
    },
    "done": true
  },
  "minecraft:recipes/misc/lime_dye": {
    "criteria": {
      "has_bonemeal": "2024-07-26 20:37:22 +0300"
    },
    "done": true
  },
  "minecraft:recipes/combat/leather_leggings": {
    "criteria": {
      "has_leather": "2024-08-27 16:53:45 +0300"
    },
    "done": true
  },
  "minecraft:recipes/building_blocks/pink_concrete_powder": {
    "criteria": {
      "has_sand": "2024-08-02 09:35:18 +0300"
    },
    "done": true
  },
  "twilightforest:alt/treasures/scepters": {
    "criteria": {
      "2": "2024-09-02 14:52:12 +0300"
    },
    "done": true
  },
  "minecraft:recipes/building_blocks/sandstone_slab": {
    "criteria": {
      "has_sandstone": "2024-09-16 13:23:32 +0300"
    },
    "done": true
  },
  "roots:dewgonia": {
    "criteria": {
      "book": "2024-10-01 19:14:44 +0300"
    },
    "done": true
  },
  "appliedenergistics2:main/cable_glass": {
    "criteria": {
      "certus": "2024-10-14 16:50:55 +0300"
    },
    "done": true
  },
  "mod_lavacow:mod_lavacow/kill_boneworm": {
    "criteria": {
      "kill_boneworm": "2024-07-28 15:31:53 +0300"
    },
    "done": true
  },
  "erebus:agriculture/honeyfoods": {
    "criteria": {
      "treat": "2024-07-29 11:46:24 +0300"
    },
    "done": false
  },
  "minecraft:recipes/building_blocks/yellow_stained_glass": {
    "criteria": {
      "has_glass": "2024-07-27 21:59:34 +0300"
    },
    "done": true
  },
  "minecraft:recipes/decorations/magenta_bed_from_white_bed": {
    "criteria": {
      "has_bed": "2024-08-24 12:15:35 +0300"
    },
    "done": true
  },
  "minecraft:recipes/decorations/iron_bars": {
    "criteria": {
      "has_iron_ingot": "2024-08-28 07:27:36 +0300"
    },
    "done": true
  },
  "minecraft:recipes/misc/sugar": {
    "criteria": {
      "has_reeds": "2024-07-28 10:33:30 +0300"
    },
    "done": true
  },
  "biomesoplenty:biomesoplenty/honey_hell": {
    "criteria": {
      "honey_jar": "2024-08-13 21:00:06 +0300"
    },
    "done": true
  },
  "minecraft:recipes/misc/red_dye_from_rose_bush": {
    "criteria": {
      "has_double_plant": "2024-08-11 21:45:41 +0300"
    },
    "done": true
  },
  "erebus:exploration/antivenom": {
    "criteria": {
      "bambucket": "2024-08-01 17:09:43 +0300"
    },
    "done": true
  },
  "minecraft:recipes/building_blocks/blue_wool": {
    "criteria": {
      "has_white_wool": "2024-08-21 13:04:40 +0300"
    },
    "done": true
  },
  "minecraft:recipes/misc/magenta_dye_from_purple_and_pink": {
    "criteria": {
      "has_purple_dye": "2024-10-02 18:45:17 +0300"
    },
    "done": true
  },
  "minecraft:recipes/redstone/comparator": {
    "criteria": {
      "has_quartz": "2024-08-26 16:43:06 +0300"
    },
    "done": true
  },
  "minecraft:recipes/misc/yellow_dye_from_sunflower": {
    "criteria": {
      "has_double_plant": "2024-10-01 19:04:12 +0300"
    },
    "done": true
  },
  "minecraft:recipes/brewing/cauldron": {
    "criteria": {
      "has_water_bucket": "2024-08-11 08:45:13 +0300"
    },
    "done": true
  },
  "mod_lavacow:mod_lavacow/kill_wendigo": {
    "criteria": {
      "kill_undertaker": "2024-08-14 20:46:35 +0300"
    },
    "done": true
  },
  "minecraft:recipes/decorations/gray_stained_glass_pane": {
    "criteria": {
      "has_glass": "2024-07-27 21:59:34 +0300"
    },
    "done": true
  },
  "minecraft:recipes/combat/diamond_leggings": {
    "criteria": {
      "has_diamond": "2024-07-28 18:51:04 +0300"
    },
    "done": true
  },
  "minecraft:recipes/decorations/armor_stand": {
    "criteria": {
      "has_stone_slab": "2024-08-01 12:46:13 +0300"
    },
    "done": true
  },
  "minecraft:recipes/building_blocks/red_stained_glass": {
    "criteria": {
      "has_glass": "2024-07-27 21:59:34 +0300"
    },
    "done": true
  },
  "minecraft:recipes/building_blocks/sandstone": {
    "criteria": {
      "has_sand": "2024-08-02 09:35:18 +0300"
    },
    "done": true
  },
  "minecraft:adventure/sleep_in_bed": {
    "criteria": {
      "slept_in_bed": "2024-08-24 12:15:43 +0300"
    },
    "done": true
  },
  "minecraft:story/lava_bucket": {
    "criteria": {
      "lava_bucket": "2024-08-15 14:17:45 +0300"
    },
    "done": true
  },
  "bhc:main/root": {
    "criteria": {
      "red_heart_in_inventory": "2024-07-26 20:26:12 +0300"
    },
    "done": true
  },
  "minecraft:recipes/building_blocks/oak_stairs": {
    "criteria": {
      "has_planks": "2024-08-28 18:07:04 +0300"
    },
    "done": true
  },
  "minecraft:recipes/building_blocks/quartz_stairs": {
    "criteria": {
      "has_quartz_block": "2024-08-28 20:14:26 +0300"
    },
    "done": true
  },
  "minecraft:recipes/transportation/acacia_boat": {
    "criteria": {
      "entered_water": "2024-08-11 08:46:31 +0300"
    },
    "done": true
  },
  "minecraft:recipes/redstone/iron_trapdoor": {
    "criteria": {
      "has_iron_ingot": "2024-08-28 07:27:36 +0300"
    },
    "done": true
  },
  "biomesoplenty:recipes/transportation/boat_redwood": {
    "criteria": {
      "entered_water": "2024-08-11 08:46:31 +0300"
    },
    "done": true
  },
  "minecraft:adventure/root": {
    "criteria": {
      "killed_something": "2024-07-26 20:21:07 +0300"
    },
    "done": true
  },
  "twilightforest:alt/treasures/ironwood_tool_set": {
    "criteria": {
      "ingredien2": "2024-07-31 21:03:53 +0300"
    },
    "done": true
  },
  "minecraft:recipes/decorations/gray_bed_from_white_bed": {
    "criteria": {
      "has_bed": "2024-08-24 12:15:35 +0300"
    },
    "done": true
  },
  "minecraft:recipes/building_blocks/white_concrete_powder": {
    "criteria": {
      "has_sand": "2024-08-02 09:35:18 +0300"
    },
    "done": true
  },
  "minecraft:adventure/kill_all_mobs": {
    "criteria": {
      "zombie_pigman": "2024-08-14 16:14:25 +0300",
      "skeleton": "2024-08-04 19:45:51 +0300",
      "husk": "2024-07-26 20:21:07 +0300",
      "zombie": "2024-08-22 12:50:37 +0300",
      "witch": "2024-09-05 12:04:13 +0300",
      "spider": "2024-08-22 19:11:47 +0300",
      "creeper": "2024-08-04 19:46:01 +0300",
      "enderman": "2024-08-11 10:51:17 +0300"
    },
    "done": false
  },
  "minecraft:recipes/misc/ender_eye": {
    "criteria": {
      "has_blaze_powder": "2024-08-03 11:14:09 +0300"
    },
    "done": true
  },
  "minecraft:story/enchant_item": {
    "criteria": {
      "enchanted_item": "2024-07-28 15:34:25 +0300"
    },
    "done": true
  },
  "minecraft:recipes/building_blocks/lime_stained_glass": {
    "criteria": {
      "has_glass": "2024-07-27 21:59:34 +0300"
    },
    "done": true
  },
  "roots:pereskia": {
    "criteria": {
      "book": "2024-08-11 12:24:04 +0300"
    },
    "done": true
  },
  "minecraft:recipes/decorations/pink_bed_from_white_bed": {
    "criteria": {
      "has_bed": "2024-08-24 12:15:35 +0300"
    },
    "done": true
  },
  "minecraft:recipes/decorations/pink_stained_glass_pane": {
    "criteria": {
      "has_glass": "2024-07-27 21:59:34 +0300"
    },
    "done": true
  },
  "twilightforest:alt/treasures/knightmetal_armor_set": {
    "criteria": {
      "ingredien3": "2024-08-16 12:17:37 +0300"
    },
    "done": true
  },
  "biomesoplenty:recipes/food/shroom_powder": {
    "criteria": {
      "has_mushroom": "2024-10-01 19:10:38 +0300"
    },
    "done": true
  },
  "prodigytech:main/explosion_furnace": {
    "criteria": {
      "iron": "2024-10-01 21:58:54 +0300"
    },
    "done": true
  },
  "biomesoplenty:recipes/buildingblocks/mud": {
    "criteria": {
      "has_item": "2024-08-09 19:33:16 +0300"
    },
    "done": true
  },
  "astralsorcery:craft_t2_altar": {
    "criteria": {
      "altar_craft_t2_altar": "2024-08-24 12:27:45 +0300"
    },
    "done": true
  },
  "mysticalworld:aubergine": {
    "criteria": {
      "book": "2024-09-01 14:06:51 +0300"
    },
    "done": true
  },
  "minecraft:recipes/building_blocks/light_blue_stained_glass": {
    "criteria": {
      "has_glass": "2024-07-27 21:59:34 +0300"
    },
    "done": true
  },
  "minecraft:recipes/building_blocks/orange_concrete_powder": {
    "criteria": {
      "has_sand": "2024-08-02 09:35:18 +0300"
    },
    "done": true
  },
  "minecraft:recipes/decorations/blue_stained_glass_pane": {
    "criteria": {
      "has_glass": "2024-07-27 21:59:34 +0300"
    },
    "done": true
  },
  "minecraft:husbandry/tame_an_animal": {
    "criteria": {
      "tamed_animal": "2024-08-18 09:23:53 +0300"
    },
    "done": true
  },
  "roots:stalicripe": {
    "criteria": {
      "book": "2024-10-01 19:14:47 +0300"
    },
    "done": true
  },
  "roots:moonglow_leaf": {
    "criteria": {
      "seeds": "2024-09-11 10:39:07 +0300"
    },
    "done": true
  },
  "immersiveengineering:main/multiblock_blastfurnace": {
    "criteria": {
      "form_blastfurnace": "2024-10-01 16:53:30 +0300"
    },
    "done": true
  },
  "minecraft:recipes/misc/cyan_dye": {
    "criteria": {
      "has_lapis": "2024-08-18 17:06:44 +0300"
    },
    "done": true
  },
  "minecraft:recipes/building_blocks/black_wool": {
    "criteria": {
      "has_white_wool": "2024-08-21 13:04:40 +0300"
    },
    "done": true
  },
  "minecraft:recipes/combat/golden_chestplate": {
    "criteria": {
      "has_gold_ingot": "2024-08-07 11:24:46 +0300"
    },
    "done": true
  },
  "minecraft:recipes/misc/magenta_dye_from_lapis_red_pink": {
    "criteria": {
      "has_lapis": "2024-08-18 17:06:44 +0300"
    },
    "done": true
  },
  "minecraft:recipes/brewing/glass_bottle": {
    "criteria": {
      "has_glass": "2024-07-27 21:59:34 +0300"
    },
    "done": true
  },
  "biomesoplenty:recipes/transportation/boat_fir": {
    "criteria": {
      "entered_water": "2024-08-11 08:46:31 +0300"
    },
    "done": true
  },
  "minecraft:recipes/decorations/light_blue_stained_glass_pane": {
    "criteria": {
      "has_glass": "2024-07-27 21:59:34 +0300"
    },
    "done": true
  },
  "roots:all_the_herbs_3": {
    "criteria": {
      "wildroot": "2024-08-01 09:33:08 +0300",
      "wildewheet": "2024-10-01 19:14:38 +0300",
      "dewgonia": "2024-10-01 19:14:44 +0300",
      "terra_moss": "2024-08-30 11:30:27 +0300",
      "infernal_bulb": "2024-10-01 19:14:43 +0300",
      "spirit_herb": "2024-10-01 19:14:35 +0300",
      "stalicripe": "2024-10-01 19:14:47 +0300",
      "baffle_cap": "2024-09-16 13:16:17 +0300",
      "pereskia": "2024-08-11 12:24:04 +0300",
      "cloud_berry": "2024-10-01 19:14:41 +0300",
      "moonglow_leaf": "2024-10-01 19:14:27 +0300"
    },
    "done": true
  },
  "minecraft:recipes/misc/light_gray_dye_from_gray_bonemeal": {
    "criteria": {
      "has_bonemeal": "2024-07-26 20:37:22 +0300"
    },
    "done": true
  },
  "biomesoplenty:recipes/buildingblocks/flesh_block": {
    "criteria": {
      "has_item": "2024-08-29 13:19:57 +0300"
    },
    "done": true
  },
  "minecraft:recipes/building_blocks/quartz_slab": {
    "criteria": {
      "has_quartz_block": "2024-08-28 20:14:26 +0300"
    },
    "done": true
  },
  "biomesoplenty:recipes/transportation/boat_sacred_oak": {
    "criteria": {
      "entered_water": "2024-08-11 08:46:31 +0300"
    },
    "done": true
  },
  "minecraft:recipes/misc/red_dye_from_poppy": {
    "criteria": {
      "has_red_flower": "2024-08-26 09:02:23 +0300"
    },
    "done": true
  },
  "roots:wildwood": {
    "criteria": {
      "bark": "2024-08-30 11:39:18 +0300"
    },
    "done": true
  },
  "aether_legacy:recipes/combat/zanite_chestplate": {
    "criteria": {
      "has_zanite_gemstone": "2024-08-17 18:11:38 +0300"
    },
    "done": true
  },
  "minecraft:recipes/redstone/wooden_pressure_plate": {
    "criteria": {
      "has_planks": "2024-08-28 18:07:05 +0300"
    },
    "done": true
  },
  "botania:main/kekimurus_pickup": {
    "criteria": {
      "kekimurus": "2024-09-13 21:17:58 +0300"
    },
    "done": true
  },
  "mowziesmobs:root": {
    "criteria": {
      "custom_test_name": "2024-07-26 18:46:11 +0300"
    },
    "done": true
  },
  "minecraft:recipes/building_blocks/clay": {
    "criteria": {
      "has_clay_ball": "2024-08-09 19:31:49 +0300"
    },
    "done": true
  },
  "minecraft:recipes/misc/yellow_dye_from_dandelion": {
    "criteria": {
      "has_yellow_flower": "2024-08-26 09:02:47 +0300"
    },
    "done": true
  },
  "mod_lavacow:mod_lavacow/kill_undertaker": {
    "criteria": {
      "kill_undertaker": "2024-09-10 13:08:17 +0300"
    },
    "done": true
  },
  "minecraft:recipes/building_blocks/green_stained_glass": {
    "criteria": {
      "has_glass": "2024-07-27 21:59:34 +0300"
    },
    "done": true
  },
  "biomesoplenty:recipes/buildingblocks/coarse_loamy_dirt": {
    "criteria": {
      "has_gravel": "2024-08-29 12:50:40 +0300"
    },
    "done": true
  },
  "prodigytech:recipes/sawdust": {
    "criteria": {
      "has_material": "2024-07-28 10:32:47 +0300"
    },
    "done": true
  },
  "minecraft:recipes/building_blocks/light_blue_wool": {
    "criteria": {
      "has_white_wool": "2024-08-21 13:04:40 +0300"
    },
    "done": true
  },
  "minecraft:recipes/redstone/wooden_button": {
    "criteria": {
      "has_planks": "2024-08-28 18:07:05 +0300"
    },
    "done": true
  },
  "minecraft:recipes/combat/wooden_sword": {
    "criteria": {
      "has_stick": "2024-10-01 18:14:07 +0300"
    },
    "done": true
  },
  "minecraft:recipes/decorations/gray_banner": {
    "criteria": {
      "has_gray_wool": "2024-08-24 12:35:54 +0300"
    },
    "done": true
  },
  "minecraft:recipes/building_blocks/oak_planks": {
    "criteria": {
      "has_log": "2024-07-30 23:13:07 +0300"
    },
    "done": true
  },
  "aether_legacy:recipes/tools/gravitite_axe": {
    "criteria": {
      "has_enchanted_gravitite": "2024-09-06 15:31:33 +0300"
    },
    "done": true
  },
  "mcwlights:recipes/glowstone_slab": {
    "criteria": {
      "has_wood": "2024-08-01 08:40:27 +0300"
    },
    "done": true
  },
  "aether_legacy:recipes/misc/white_cape": {
    "criteria": {
      "has_white_wool": "2024-08-21 13:04:40 +0300"
    },
    "done": true
  },
  "minecraft:recipes/building_blocks/gray_concrete_powder": {
    "criteria": {
      "has_sand": "2024-08-02 09:35:18 +0300"
    },
    "done": true
  },
  "biomesoplenty:recipes/transportation/boat_cherry": {
    "criteria": {
      "entered_water": "2024-08-11 08:46:31 +0300"
    },
    "done": true
  },
  "roots:pyre": {
    "criteria": {
      "book": "2024-08-21 10:53:22 +0300"
    },
    "done": true
  },
  "minecraft:recipes/transportation/golden_rail": {
    "criteria": {
      "has_rail": "2024-10-24 18:43:24 +0300"
    },
    "done": true
  },
  "erebus:agriculture/honey": {
    "criteria": {
      "get_honey": "2024-08-13 20:58:49 +0300"
    },
    "done": true
  },
  "prodigytech:main/aeroheater": {
    "criteria": {
      "energion": "2024-10-14 13:32:56 +0300"
    },
    "done": true
  },
  "aether_legacy:recipes/combat/zanite_leggings": {
    "criteria": {
      "has_zanite_gemstone": "2024-08-17 18:11:38 +0300"
    },
    "done": true
  },
  "minecraft:recipes/decorations/fence": {
    "criteria": {
      "has_planks": "2024-08-28 18:07:05 +0300"
    },
    "done": true
  },
  "aether_legacy:recipes/decorations/skyroot_bed": {
    "criteria": {
      "has_planks": "2024-08-01 09:34:11 +0300"
    },
    "done": true
  },
  "minecraft:recipes/building_blocks/glowstone": {
    "criteria": {
      "has_glowstone_dust": "2024-08-05 10:02:46 +0300"
    },
    "done": true
  },
  "appliedenergistics2:main/storage_bus": {
    "criteria": {
      "part": "2024-10-14 16:51:58 +0300"
    },
    "done": true
  },
  "mcwlights:recipes/sea_lantern_slab": {
    "criteria": {
      "has_wood": "2024-08-01 08:40:27 +0300"
    },
    "done": true
  },
  "minecraft:recipes/decorations/gray_carpet": {
    "criteria": {
      "has_gray_wool": "2024-08-24 12:35:54 +0300"
    },
    "done": true
  },
  "minecraft:recipes/redstone/tripwire_hook": {
    "criteria": {
      "has_string": "2024-07-28 15:27:49 +0300"
    },
    "done": true
  },
  "erebus:exploration/repellent": {
    "criteria": {
      "repellent": "2024-08-01 12:58:13 +0300"
    },
    "done": true
  },
  "minecraft:recipes/combat/iron_boots": {
    "criteria": {
      "has_iron_ingot": "2024-08-28 07:27:36 +0300"
    },
    "done": true
  },
  "minecraft:recipes/building_blocks/chiseled_quartz_block": {
    "criteria": {
      "has_quartz_block": "2024-08-28 20:14:26 +0300"
    },
    "done": true
  },
  "minecraft:recipes/building_blocks/birch_planks": {
    "criteria": {
      "has_log": "2024-08-28 07:54:48 +0300"
    },
    "done": true
  },
  "minecraft:recipes/misc/bone_meal_from_bone": {
    "criteria": {
      "has_bone": "2024-07-28 15:35:01 +0300"
    },
    "done": true
  },
  "minecraft:recipes/building_blocks/black_concrete_powder": {
    "criteria": {
      "has_sand": "2024-08-02 09:35:18 +0300"
    },
    "done": true
  },
  "erebus:exploration/spray_can": {
    "criteria": {
      "repellent": "2024-08-06 19:06:59 +0300"
    },
    "done": true
  },
  "minecraft:story/iron_tools": {
    "criteria": {
      "iron_pickaxe": "2024-08-14 15:45:28 +0300"
    },
    "done": true
  },
  "biomesoplenty:recipes/transportation/boat_hellbark": {
    "criteria": {
      "entered_water": "2024-08-11 08:46:31 +0300"
    },
    "done": true
  },
  "minecraft:recipes/redstone/stone_button": {
    "criteria": {
      "has_stone": "2024-08-01 17:32:10 +0300"
    },
    "done": true
  },
  "minecraft:recipes/combat/iron_chestplate": {
    "criteria": {
      "has_iron_ingot": "2024-08-28 07:27:36 +0300"
    },
    "done": true
  },
  "mod_lavacow:mod_lavacow/kill_ghostray": {
    "criteria": {
      "kill_piranha": "2024-07-28 15:30:31 +0300"
    },
    "done": true
  },
  "erebus:exploration/jade_set": {
    "criteria": {
      "helmet": "2024-09-22 10:44:03 +0300"
    },
    "done": false
  },
  "aether_legacy:recipes/decorations/skyroot_fence_gate": {
    "criteria": {
      "has_planks": "2024-08-01 09:34:11 +0300"
    },
    "done": true
  },
  "minecraft:recipes/building_blocks/yellow_wool": {
    "criteria": {
      "has_white_wool": "2024-08-21 13:04:40 +0300"
    },
    "done": true
  },
  "minecraft:recipes/redstone/noteblock": {
    "criteria": {
      "has_redstone": "2024-08-01 17:42:37 +0300"
    },
    "done": true
  },
  "minecraft:recipes/building_blocks/red_concrete_powder": {
    "criteria": {
      "has_sand": "2024-08-02 09:35:18 +0300"
    },
    "done": true
  },
  "minecraft:recipes/decorations/light_blue_bed_from_white_bed": {
    "criteria": {
      "has_bed": "2024-08-24 12:15:35 +0300"
    },
    "done": true
  },
  "mod_lavacow:mod_lavacow/kill_parasite": {
    "criteria": {
      "kill_parasite": "2024-07-26 20:25:58 +0300"
    },
    "done": true
  },
  "projecte:red_matter_block": {
    "criteria": {
      "rm_block": "2024-08-07 19:28:44 +0300"
    },
    "done": true
  },
  "minecraft:adventure/kill_a_mob": {
    "criteria": {
      "husk": "2024-07-26 20:21:07 +0300"
    },
    "done": true
  },
  "enderiomachines:basics/sagmill/4_brown": {
    "criteria": {
      "inv_changed-enderio:item_material": "2024-08-06 12:58:14 +0300"
    },
    "done": true
  },
  "biomesoplenty:recipes/buildingblocks/coarse_sandy_dirt": {
    "criteria": {
      "has_gravel": "2024-08-29 12:50:40 +0300"
    },
    "done": true
  },
  "aether_legacy:recipes/building_blocks/skyroot_slab": {
    "criteria": {
      "has_planks": "2024-08-01 09:34:11 +0300"
    },
    "done": true
  },
  "astralsorcery:rock_crystals": {
    "criteria": {
      "rock_crystal_in_inventory": "2024-08-22 20:55:26 +0300"
    },
    "done": true
  },
  "simplyjetpacks:eio/jetpack_eio1": {
    "criteria": {
      "jetpack_eio1": "2024-08-11 12:24:14 +0300"
    },
    "done": true
  },
  "mod_lavacow:mod_lavacow/root": {
    "criteria": {
      "tick": "2024-07-26 18:46:11 +0300"
    },
    "done": true
  },
  "minecraft:recipes/redstone/sticky_piston": {
    "criteria": {
      "has_slime_ball": "2024-08-28 07:52:00 +0300"
    },
    "done": true
  },
  "minecraft:recipes/brewing/magma_cream": {
    "criteria": {
      "has_blaze_powder": "2024-08-03 11:14:09 +0300"
    },
    "done": true
  },
  "minecraft:recipes/misc/gray_dye": {
    "criteria": {
      "has_bonemeal": "2024-07-26 20:37:22 +0300"
    },
    "done": true
  },
  "minecraft:adventure/adventuring_time": {
    "criteria": {
      "deep_ocean": "2024-09-03 15:45:30 +0300",
      "beaches": "2024-08-21 13:49:07 +0300",
      "taiga": "2024-07-26 18:46:10 +0300",
      "ocean": "2024-07-31 19:18:41 +0300",
      "river": "2024-08-01 10:18:09 +0300"
    },
    "done": false
  },
  "minecraft:recipes/misc/book": {
    "criteria": {
      "has_paper": "2024-07-27 22:07:34 +0300"
    },
    "done": true
  },
  "minecraft:recipes/decorations/purple_bed_from_white_bed": {
    "criteria": {
      "has_bed": "2024-08-24 12:15:35 +0300"
    },
    "done": true
  },
  "simplyjetpacks:te/root_te": {
    "criteria": {
      "code_trigger": "2024-07-26 18:46:09 +0300"
    },
    "done": true
  },
  "enderioconduits:fluid/1_fluid_conduit": {
    "criteria": {
      "inv_changed-enderio:liquid_conduit": "2024-10-14 13:41:24 +0300"
    },
    "done": true
  },
  "minecraft:recipes/combat/stone_sword": {
    "criteria": {
      "has_cobblestone": "2024-08-15 14:27:46 +0300"
    },
    "done": true
  },
  "minecraft:recipes/decorations/cobblestone_wall": {
    "criteria": {
      "has_cobblestone": "2024-08-15 14:27:46 +0300"
    },
    "done": true
  },
  "minecraft:recipes/brewing/fermented_spider_eye": {
    "criteria": {
      "has_spider_eye": "2024-08-05 09:58:28 +0300"
    },
    "done": true
  },
  "minecraft:recipes/tools/stone_pickaxe": {
    "criteria": {
      "has_cobblestone": "2024-08-15 14:27:46 +0300"
    },
    "done": true
  },
  "aether_legacy:recipes/combat/zanite_gloves": {
    "criteria": {
      "has_zanite_gemstone": "2024-08-17 18:11:38 +0300"
    },
    "done": true
  },
  "minecraft:husbandry/plant_seed": {
    "criteria": {
      "wheat": "2024-07-26 20:37:24 +0300"
    },
    "done": true
  },
  "minecraft:recipes/building_blocks/brown_stained_glass": {
    "criteria": {
      "has_glass": "2024-07-27 21:59:34 +0300"
    },
    "done": true
  },
  "minecraft:recipes/redstone/stone_pressure_plate": {
    "criteria": {
      "has_stone": "2024-08-01 17:32:10 +0300"
    },
    "done": true
  },
  "minecraft:recipes/transportation/boat": {
    "criteria": {
      "entered_water": "2024-08-11 08:46:31 +0300"
    },
    "done": true
  },
  "minecraft:recipes/misc/purple_dye": {
    "criteria": {
      "has_lapis": "2024-08-18 17:06:44 +0300"
    },
    "done": true
  },
  "minecraft:recipes/combat/leather_boots": {
    "criteria": {
      "has_leather": "2024-08-27 16:53:45 +0300"
    },
    "done": true
  },
  "appliedenergistics2:main/root": {
    "criteria": {
      "certus": "2024-09-11 10:56:07 +0300"
    },
    "done": true
  },
  "mcwlights:recipes/paper_lamp": {
    "criteria": {
      "paper": "2024-08-04 19:46:10 +0300"
    },
    "done": true
  },
  "minecraft:recipes/building_blocks/light_gray_stained_glass": {
    "criteria": {
      "has_glass": "2024-07-27 21:59:34 +0300"
    },
    "done": true
  },
  "aether_legacy:recipes/decorations/skyroot_fence": {
    "criteria": {
      "has_planks": "2024-08-01 09:34:11 +0300"
    },
    "done": true
  },
  "aether_legacy:recipes/combat/zanite_boots": {
    "criteria": {
      "has_zanite_gemstone": "2024-08-17 18:11:38 +0300"
    },
    "done": true
  },
  "immersiveengineering:main/place_conveyor": {
    "criteria": {
      "place_conveyor": "2024-09-11 13:04:09 +0300"
    },
    "done": true
  },
  "mod_lavacow:mod_lavacow/kill_pingu": {
    "criteria": {
      "kill_pingu": "2024-07-28 15:25:44 +0300"
    },
    "done": true
  },
  "minecraft:recipes/decorations/red_stained_glass_pane": {
    "criteria": {
      "has_glass": "2024-07-27 21:59:34 +0300"
    },
    "done": true
  },
  "bhc:main/yellow_heart": {
    "criteria": {
      "orange_heart_in_inventory": "2024-07-28 20:27:55 +0300"
    },
    "done": true
  },
  "biomesoplenty:recipes/misc/sand_from_dried_sand": {
    "criteria": {
      "has_gem_block": "2024-08-11 08:45:13 +0300"
    },
    "done": true
  },
  "biomesoplenty:recipes/misc/brown_dye_from_flat_mushroom": {
    "criteria": {
      "has_flower": "2024-08-21 13:29:08 +0300"
    },
    "done": true
  },
  "biomesoplenty:recipes/misc/mud_from_dirt": {
    "criteria": {
      "has_gem_block": "2024-08-11 08:45:13 +0300"
    },
    "done": true
  },
  "twilightforest:alt/treasures/tools": {
    "criteria": {
      "1": "2024-07-29 11:47:55 +0300"
    },
    "done": true
  },
  "minecraft:recipes/food/cookie": {
    "criteria": {
      "has_cocoa": "2024-08-26 16:41:16 +0300"
    },
    "done": true
  },
  "immersiveengineering:main/connect_wire": {
    "criteria": {
      "code_trigger": "2024-10-01 17:48:44 +0300"
    },
    "done": true
  },
  "minecraft:recipes/building_blocks/polished_diorite": {
    "criteria": {
      "has_stone": "2024-08-02 09:01:57 +0300"
    },
    "done": true
  },
  "aether_legacy:recipes/building_blocks/skyroot_planks": {
    "criteria": {
      "has_log": "2024-07-31 12:02:05 +0300"
    },
    "done": true
  },
  "minecraft:recipes/building_blocks/light_gray_wool": {
    "criteria": {
      "has_white_wool": "2024-08-21 13:04:40 +0300"
    },
    "done": true
  },
  "minecraft:recipes/decorations/red_bed_from_white_bed": {
    "criteria": {
      "has_bed": "2024-08-24 12:15:35 +0300"
    },
    "done": true
  },
  "minecraft:recipes/building_blocks/red_wool": {
    "criteria": {
      "has_white_wool": "2024-08-21 13:04:40 +0300"
    },
    "done": true
  },
  "minecraft:recipes/misc/orange_dye_from_red_yellow": {
    "criteria": {
      "has_red_dye": "2024-09-06 19:38:29 +0300"
    },
    "done": true
  },
  "simplyjetpacks:eio/root_eio": {
    "criteria": {
      "code_trigger": "2024-07-26 18:46:09 +0300"
    },
    "done": true
  },
  "minecraft:recipes/tools/stone_axe": {
    "criteria": {
      "has_cobblestone": "2024-08-15 14:27:46 +0300"
    },
    "done": true
  },
  "biomesoplenty:recipes/misc/red_dye_from_rafflesia": {
    "criteria": {
      "has_flower": "2024-09-11 08:49:49 +0300"
    },
    "done": true
  },
  "minecraft:recipes/misc/fire_charge": {
    "criteria": {
      "has_blaze_powder": "2024-08-03 11:14:09 +0300"
    },
    "done": true
  },
  "aether_legacy:recipes/combat/gravitite_boots": {
    "criteria": {
      "has_enchanted_gravitite": "2024-09-06 15:31:33 +0300"
    },
    "done": true
  },
  "aether_legacy:recipes/misc/saddle": {
    "criteria": {
      "has_leather": "2024-08-27 16:53:45 +0300"
    },
    "done": true
  },
  "minecraft:recipes/building_blocks/purple_wool": {
    "criteria": {
      "has_white_wool": "2024-08-21 13:04:40 +0300"
    },
    "done": true
  },
  "minecraft:recipes/building_blocks/magenta_concrete_powder": {
    "criteria": {
      "has_sand": "2024-08-02 09:35:18 +0300"
    },
    "done": true
  },
  "biomesoplenty:recipes/buildingblocks/coarse_silty_dirt": {
    "criteria": {
      "has_gravel": "2024-08-29 12:50:40 +0300"
    },
    "done": true
  },
  "minecraft:recipes/building_blocks/pillar_quartz_block": {
    "criteria": {
      "has_quartz_block": "2024-08-28 20:14:26 +0300"
    },
    "done": true
  },
  "minecraft:recipes/decorations/lime_carpet": {
    "criteria": {
      "has_lime_wool": "2024-07-30 22:49:35 +0300"
    },
    "done": true
  },
  "minecraft:recipes/building_blocks/oak_wooden_slab": {
    "criteria": {
      "has_planks": "2024-08-28 18:07:05 +0300"
    },
    "done": true
  },
  "roots:spirit_herb": {
    "criteria": {
      "seed": "2024-09-11 10:39:09 +0300"
    },
    "done": true
  },
  "astralsorcery:find_constellation": {
    "criteria": {
      "bright_constellation_discovered": "2024-08-24 12:14:15 +0300"
    },
    "done": true
  },
  "minecraft:recipes/decorations/lime_banner": {
    "criteria": {
      "has_lime_wool": "2024-07-30 22:49:35 +0300"
    },
    "done": true
  },
  "minecraft:recipes/decorations/white_bed": {
    "criteria": {
      "has_white_wool": "2024-08-21 13:04:40 +0300"
    },
    "done": true
  },
  "minecraft:nether/root": {
    "criteria": {
      "entered_nether": "2024-09-03 18:53:52 +0300"
    },
    "done": true
  },
  "minecraft:recipes/redstone/trapdoor": {
    "criteria": {
      "has_planks": "2024-08-28 18:07:05 +0300"
    },
    "done": true
  },
  "minecraft:recipes/decorations/lime_stained_glass_pane": {
    "criteria": {
      "has_glass": "2024-07-27 21:59:34 +0300"
    },
    "done": true
  },
  "minecraft:recipes/misc/iron_nugget": {
    "criteria": {
      "has_iron_ingot": "2024-08-28 07:27:36 +0300"
    },
    "done": true
  },
  "minecraft:recipes/building_blocks/brown_concrete_powder": {
    "criteria": {
      "has_sand": "2024-08-02 09:35:18 +0300"
    },
    "done": true
  },
  "erebus:exploration/find_beetles": {
    "criteria": {
      "dmg_beetle": "2024-08-31 15:22:54 +0300"
    },
    "done": true
  },
  "minecraft:recipes/decorations/black_bed_from_white_bed": {
    "criteria": {
      "has_bed": "2024-08-24 12:15:35 +0300"
    },
    "done": true
  },
  "erebus:agriculture/root": {
    "criteria": {
      "cabbage": "2024-09-11 10:38:54 +0300"
    },
    "done": true
  },
  "twilightforest:alt/treasures/carminite": {
    "criteria": {
      "carminite": "2024-08-16 09:59:58 +0300"
    },
    "done": true
  },
  "minecraft:recipes/decorations/cyan_stained_glass_pane": {
    "criteria": {
      "has_glass": "2024-07-27 21:59:34 +0300"
    },
    "done": true
  },
  "minecraft:recipes/building_blocks/blue_stained_glass": {
    "criteria": {
      "has_glass": "2024-07-27 21:59:34 +0300"
    },
    "done": true
  },
  "aether_legacy:recipes/combat/gold_gloves": {
    "criteria": {
      "has_gold": "2024-08-07 11:24:46 +0300"
    },
    "done": true
  },
  "minecraft:recipes/building_blocks/cyan_wool": {
    "criteria": {
      "has_white_wool": "2024-08-21 13:04:40 +0300"
    },
    "done": true
  },
  "minecraft:recipes/decorations/sign": {
    "criteria": {
      "has_planks": "2024-08-28 18:07:05 +0300"
    },
    "done": true
  },
  "minecraft:recipes/decorations/jukebox": {
    "criteria": {
      "has_diamond": "2024-07-28 18:51:04 +0300"
    },
    "done": true
  },
  "mcwlights:recipes/tiki_torches": {
    "criteria": {
      "torch": "2024-08-04 19:46:10 +0300"
    },
    "done": true
  },
  "minecraft:recipes/transportation/spruce_boat": {
    "criteria": {
      "entered_water": "2024-08-11 08:46:31 +0300"
    },
    "done": true
  },
  "minecraft:recipes/building_blocks/diorite": {
    "criteria": {
      "has_quartz": "2024-08-26 16:43:06 +0300"
    },
    "done": true
  },
  "roots:root": {
    "criteria": {
      "auto": "2024-07-26 18:46:10 +0300"
    },
    "done": true
  },
  "aether_legacy:recipes/building_blocks/skyroot_stairs": {
    "criteria": {
      "has_planks": "2024-08-01 09:34:11 +0300"
    },
    "done": true
  },
  "minecraft:recipes/tools/flint_and_steel": {
    "criteria": {
      "has_obsidian": "2024-08-14 16:18:02 +0300"
    },
    "done": true
  },
  "roots:terra_moss": {
    "criteria": {
      "book": "2024-08-30 11:30:27 +0300"
    },
    "done": true
  },
  "minecraft:recipes/misc/red_dye_from_beetroot": {
    "criteria": {
      "has_beetroot": "2024-10-01 18:27:37 +0300"
    },
    "done": true
  },
  "minecraft:recipes/building_blocks/gray_wool": {
    "criteria": {
      "has_white_wool": "2024-08-21 13:04:40 +0300"
    },
    "done": true
  },
  "roots:staff": {
    "criteria": {
      "book": "2024-09-07 13:39:53 +0300"
    },
    "done": true
  },
  "prodigytech:main/primordium": {
    "criteria": {
      "reshaper": "2024-08-05 11:01:41 +0300",
      "reactor": "2024-08-05 11:01:28 +0300"
    },
    "done": true
  },
  "minecraft:recipes/misc/gold_nugget": {
    "criteria": {
      "has_gold_ingot": "2024-08-07 11:24:46 +0300"
    },
    "done": true
  },
  "minecraft:recipes/tools/wooden_hoe": {
    "criteria": {
      "has_stick": "2024-10-01 18:14:07 +0300"
    },
    "done": true
  },
  "minecraft:recipes/misc/bucket": {
    "criteria": {
      "has_iron_ingot": "2024-08-28 07:27:36 +0300"
    },
    "done": true
  },
  "minecraft:recipes/decorations/yellow_bed_from_white_bed": {
    "criteria": {
      "has_bed": "2024-08-24 12:15:35 +0300"
    },
    "done": true
  },
  "minecraft:recipes/decorations/orange_stained_glass_pane": {
    "criteria": {
      "has_glass": "2024-07-27 21:59:34 +0300"
    },
    "done": true
  },
  "erebus:exploration/arborist": {
    "criteria": {
      "marshwood": "2024-07-29 12:47:59 +0300"
    },
    "done": false
  },
  "twilightforest:arborist": {
    "criteria": {
      "liveroot": "2024-07-31 21:04:41 +0300",
      "liveroots": "2024-08-01 08:55:53 +0300",
      "root": "2024-07-31 21:04:20 +0300"
    },
    "done": false
  },
  "minecraft:recipes/decorations/white_banner": {
    "criteria": {
      "has_white_wool": "2024-08-21 13:04:40 +0300"
    },
    "done": true
  },
  "aether_legacy:recipes/tools/gravitite_pickaxe": {
    "criteria": {
      "has_enchanted_gravitite": "2024-09-06 15:31:33 +0300"
    },
    "done": true
  },
  "aether_legacy:recipes/combat/iron_gloves": {
    "criteria": {
      "has_iron_ingot": "2024-08-28 07:27:36 +0300"
    },
    "done": true
  },
  "minecraft:recipes/building_blocks/light_blue_concrete_powder": {
    "criteria": {
      "has_sand": "2024-08-02 09:35:18 +0300"
    },
    "done": true
  },
  "projecte:philosophers_stone": {
    "criteria": {
      "philosophers_stone": "2024-09-04 09:00:17 +0300"
    },
    "done": true
  },
  "biomesoplenty:recipes/transportation/boat_eucalyptus": {
    "criteria": {
      "entered_water": "2024-08-11 08:46:31 +0300"
    },
    "done": true
  },
  "twilightforest:alt/compat/tconstruct": {
    "criteria": {
      "book": "2024-07-26 18:46:08 +0300"
    },
    "done": true
  },
  "minecraft:recipes/decorations/lime_bed": {
    "criteria": {
      "has_lime_wool": "2024-07-30 22:49:35 +0300"
    },
    "done": true
  },
  "minecraft:recipes/combat/iron_helmet": {
    "criteria": {
      "has_iron_ingot": "2024-08-28 07:27:36 +0300"
    },
    "done": true
  },
  "minecraft:recipes/combat/bow": {
    "criteria": {
      "has_string": "2024-07-28 15:27:49 +0300"
    },
    "done": true
  },
  "aether_legacy:recipes/combat/gravitite_sword": {
    "criteria": {
      "has_grav": "2024-09-06 15:31:33 +0300"
    },
    "done": true
  },
  "minecraft:nether/get_wither_skull": {
    "criteria": {
      "wither_skull": "2024-10-17 23:56:34 +0300"
    },
    "done": true
  },
  "minecraft:recipes/decorations/black_stained_glass_pane": {
    "criteria": {
      "has_glass": "2024-07-27 21:59:34 +0300"
    },
    "done": true
  },
  "minecraft:recipes/building_blocks/smooth_sandstone": {
    "criteria": {
      "has_sandstone": "2024-09-16 13:23:32 +0300"
    },
    "done": true
  },
  "minecraft:recipes/building_blocks/granite": {
    "criteria": {
      "has_quartz": "2024-08-26 16:43:06 +0300"
    },
    "done": true
  },
  "minecraft:recipes/building_blocks/purple_concrete_powder": {
    "criteria": {
      "has_sand": "2024-08-02 09:35:18 +0300"
    },
    "done": true
  },
  "botania:main/terrasteel_pickup": {
    "criteria": {
      "terrasteel": "2024-07-27 11:29:27 +0300"
    },
    "done": true
  },
  "minecraft:husbandry/bred_all_animals": {
    "criteria": {
      "bred_cow": "2024-08-11 21:12:58 +0300"
    },
    "done": false
  },
  "twilightforest:alt/treasures/zombie_scepter": {
    "criteria": {
      "scepter": "2024-09-02 14:52:12 +0300"
    },
    "done": true
  },
  "minecraft:recipes/decorations/orange_bed_from_white_bed": {
    "criteria": {
      "has_bed": "2024-08-24 12:15:35 +0300"
    },
    "done": true
  },
  "minecraft:recipes/combat/diamond_chestplate": {
    "criteria": {
      "has_diamond": "2024-07-28 18:51:04 +0300"
    },
    "done": true
  },
  "minecraft:story/mine_stone": {
    "criteria": {
      "get_stone": "2024-08-15 14:27:46 +0300"
    },
    "done": true
  },
  "minecraft:recipes/transportation/minecart": {
    "criteria": {
      "has_iron_ingot": "2024-08-28 07:27:36 +0300"
    },
    "done": true
  },
  "minecraft:recipes/food/beetroot_soup": {
    "criteria": {
      "has_beetroot": "2024-10-01 18:27:37 +0300"
    },
    "done": true
  },
  "minecraft:recipes/decorations/green_stained_glass_pane": {
    "criteria": {
      "has_glass": "2024-07-27 21:59:34 +0300"
    },
    "done": true
  },
  "minecraft:recipes/building_blocks/orange_wool": {
    "criteria": {
      "has_white_wool": "2024-08-21 13:04:40 +0300"
    },
    "done": true
  },
  "erebus:agriculture/farm_complete": {
    "criteria": {
      "cabbage": "2024-09-11 10:38:54 +0300",
      "dark_fruit": "2024-09-11 10:38:56 +0300"
    },
    "done": false
  },
  "minecraft:recipes/tools/wooden_pickaxe": {
    "criteria": {
      "has_stick": "2024-10-01 18:14:07 +0300"
    },
    "done": true
  },
  "minecraft:recipes/redstone/redstone_torch": {
    "criteria": {
      "has_redstone": "2024-08-01 17:42:37 +0300"
    },
    "done": true
  },
  "minecraft:husbandry/root": {
    "criteria": {
      "consumed_item": "2024-08-11 21:46:28 +0300"
    },
    "done": true
  },
  "minecraft:recipes/transportation/birch_boat": {
    "criteria": {
      "entered_water": "2024-08-11 08:46:31 +0300"
    },
    "done": true
  },
  "enderioconduits:goals/all_conduits": {
    "criteria": {
      "inv_changed-enderio:liquid_conduit_ender2": "2024-10-14 13:41:24 +0300"
    },
    "done": false
  },
  "minecraft:recipes/food/golden_apple": {
    "criteria": {
      "has_gold_ingot": "2024-08-07 11:24:46 +0300"
    },
    "done": true
  },
  "erebus:portal/root": {
    "criteria": {
      "diamond": "2024-07-28 18:51:04 +0300",
      "obsidian": "2024-08-14 16:18:02 +0300",
      "emerald": "2024-08-21 10:40:25 +0300"
    },
    "done": true
  },
  "minecraft:recipes/building_blocks/green_concrete_powder": {
    "criteria": {
      "has_sand": "2024-08-02 09:35:18 +0300"
    },
    "done": true
  },
  "minecraft:recipes/misc/light_gray_dye_from_ink_bonemeal": {
    "criteria": {
      "has_bonemeal": "2024-07-26 20:37:22 +0300"
    },
    "done": true
  },
  "enderiomachines:basics/sagmill/7_black": {
    "criteria": {
      "inv_changed-enderio:item_material": "2024-08-06 12:58:16 +0300"
    },
    "done": true
  },
  "immersiveengineering:main/multiblock_crusher": {
    "criteria": {
      "form_blastfurnace": "2024-10-17 20:39:54 +0300"
    },
    "done": true
  },
  "minecraft:recipes/building_blocks/orange_stained_glass": {
    "criteria": {
      "has_glass": "2024-07-27 21:59:34 +0300"
    },
    "done": true
  },
  "minecraft:recipes/decorations/cyan_bed_from_white_bed": {
    "criteria": {
      "has_bed": "2024-08-24 12:15:35 +0300"
    },
    "done": true
  },
  "minecraft:recipes/misc/bowl": {
    "criteria": {
      "has_brown_mushroom": "2024-08-27 09:11:50 +0300"
    },
    "done": true
  },
  "minecraft:recipes/decorations/item_frame": {
    "criteria": {
      "has_leather": "2024-08-27 16:53:45 +0300"
    },
    "done": true
  },
  "minecraft:recipes/decorations/lime_bed_from_white_bed": {
    "criteria": {
      "has_bed": "2024-08-24 12:15:35 +0300"
    },
    "done": true
  },
  "prodigytech:main/heat_capacitor": {
    "criteria": {
      "2": "2024-07-27 10:42:46 +0300"
    },
    "done": true
  },
  "aether_legacy:recipes/tools/zanite_pickaxe": {
    "criteria": {
      "has_zanite_gemstone": "2024-08-17 18:11:38 +0300"
    },
    "done": true
  },
  "minecraft:recipes/tools/clock": {
    "criteria": {
      "has_redstone": "2024-08-01 17:42:37 +0300"
    },
    "done": true
  },
  "minecraft:recipes/tools/stone_hoe": {
    "criteria": {
      "has_cobblestone": "2024-08-15 14:27:46 +0300"
    },
    "done": true
  },
  "biomesoplenty:recipes/buildingblocks/filled_honeycomb_block": {
    "criteria": {
      "has_item": "2024-08-13 20:59:48 +0300"
    },
    "done": true
  },
  "minecraft:recipes/combat/spectral_arrow": {
    "criteria": {
      "has_glowstone_dust": "2024-08-05 10:02:46 +0300"
    },
    "done": true
  },
  "biomesoplenty:recipes/transportation/boat_umbran": {
    "criteria": {
      "entered_water": "2024-08-11 08:46:31 +0300"
    },
    "done": true
  },
  "minecraft:recipes/transportation/activator_rail": {
    "criteria": {
      "has_rail": "2024-10-24 18:43:24 +0300"
    },
    "done": true
  },
  "minecraft:recipes/decorations/white_stained_glass_pane": {
    "criteria": {
      "has_glass": "2024-07-27 21:59:34 +0300"
    },
    "done": true
  },
  "roots:pacifist": {
    "criteria": {
      "book": "2024-08-11 08:44:26 +0300"
    },
    "done": true
  },
  "minecraft:story/enter_the_nether": {
    "criteria": {
      "entered_nether": "2024-09-03 18:53:52 +0300"
    },
    "done": true
  },
  "immersiveengineering:main/craft_pump": {
    "criteria": {
      "craft_hammer": "2024-08-04 21:07:47 +0300"
    },
    "done": true
  },
  "minecraft:recipes/decorations/green_bed_from_white_bed": {
    "criteria": {
      "has_bed": "2024-08-24 12:15:35 +0300"
    },
    "done": true
  },
  "aether_legacy:recipes/misc/skyroot_stick": {
    "criteria": {
      "has_planks": "2024-08-01 09:34:11 +0300"
    },
    "done": true
  },
  "simplyjetpacks:te/jetpack_te2": {
    "criteria": {
      "jetpack_te2": "2024-08-16 18:33:24 +0300"
    },
    "done": true
  },
  "simplyjetpacks:te/jetpack_te1": {
    "criteria": {
      "jetpack_te1": "2024-08-16 18:31:04 +0300"
    },
    "done": true
  },
  "projecte:dark_matter": {
    "criteria": {
      "dm": "2024-08-08 20:58:21 +0300"
    },
    "done": true
  },
  "minecraft:recipes/decorations/white_carpet": {
    "criteria": {
      "has_white_wool": "2024-08-21 13:04:40 +0300"
    },
    "done": true
  },
  "aether_legacy:recipes/combat/diamond_gloves": {
    "criteria": {
      "has_diamond": "2024-07-28 18:51:04 +0300"
    },
    "done": true
  },
  "aether_legacy:recipes/combat/gravitite_chestplate": {
    "criteria": {
      "has_enchanted_gravitite": "2024-09-06 15:31:33 +0300"
    },
    "done": true
  },
  "twilightforest:alt/treasures/ironwood_armor_set": {
    "criteria": {
      "ingredien2": "2024-07-31 21:03:53 +0300"
    },
    "done": true
  },
  "minecraft:recipes/decorations/glass_pane": {
    "criteria": {
      "has_glass": "2024-07-27 21:59:34 +0300"
    },
    "done": true
  },
  "biomesoplenty:recipes/transportation/boat_magic": {
    "criteria": {
      "entered_water": "2024-08-11 08:46:31 +0300"
    },
    "done": true
  },
  "minecraft:recipes/misc/gold_ingot_from_nuggets": {
    "criteria": {
      "has_at_least_9_gold_nugget": "2024-08-14 16:14:19 +0300"
    },
    "done": true
  },
  "minecraft:recipes/misc/lapis_lazuli": {
    "criteria": {
      "has_lapis_block": "2024-07-27 11:26:20 +0300"
    },
    "done": true
  },
  "minecraft:recipes/building_blocks/magenta_stained_glass": {
    "criteria": {
      "has_glass": "2024-07-27 21:59:34 +0300"
    },
    "done": true
  },
  "minecraft:story/mine_diamond": {
    "criteria": {
      "diamond": "2024-07-28 18:51:04 +0300"
    },
    "done": true
  },
  "minecraft:story/upgrade_tools": {
    "criteria": {
      "stone_pickaxe": "2024-08-14 15:45:28 +0300"
    },
    "done": true
  },
  "simplyjetpacks:root": {
    "criteria": {
      "code_trigger": "2024-07-26 18:46:09 +0300"
    },
    "done": true
  },
  "minecraft:recipes/combat/diamond_helmet": {
    "criteria": {
      "has_diamond": "2024-07-28 18:51:04 +0300"
    },
    "done": true
  },
  "biomesoplenty:recipes/transportation/boat_palm": {
    "criteria": {
      "entered_water": "2024-08-11 08:46:31 +0300"
    },
    "done": true
  },
  "erebus:exploration/jade_ore": {
    "criteria": {
      "collect_jade": "2024-08-27 16:13:10 +0300"
    },
    "done": true
  },
  "minecraft:recipes/decorations/anvil": {
    "criteria": {
      "has_iron_block": "2024-08-28 07:52:00 +0300"
    },
    "done": true
  },
  "minecraft:recipes/decorations/blue_bed_from_white_bed": {
    "criteria": {
      "has_bed": "2024-08-24 12:15:35 +0300"
    },
    "done": true
  },
  "minecraft:recipes/building_blocks/cyan_concrete_powder": {
    "criteria": {
      "has_sand": "2024-08-02 09:35:18 +0300"
    },
    "done": true
  },
  "minecraft:recipes/misc/gold_ingot_from_block": {
    "criteria": {
      "has_gold_block": "2024-08-18 12:09:40 +0300"
    },
    "done": true
  },
  "minecraft:recipes/combat/golden_boots": {
    "criteria": {
      "has_gold_ingot": "2024-08-07 11:24:46 +0300"
    },
    "done": true
  },
  "aether_legacy:recipes/tools/zanite_shovel": {
    "criteria": {
      "has_zanite_gemstone": "2024-08-17 18:11:38 +0300"
    },
    "done": true
  },
  "aether_legacy:recipes/combat/zanite_sword": {
    "criteria": {
      "has_zanite": "2024-08-17 18:11:38 +0300"
    },
    "done": true
  },
  "minecraft:recipes/tools/wooden_axe": {
    "criteria": {
      "has_stick": "2024-10-01 18:14:07 +0300"
    },
    "done": true
  },
  "minecraft:recipes/building_blocks/lime_wool": {
    "criteria": {
      "has_white_wool": "2024-08-21 13:04:40 +0300"
    },
    "done": true
  },
  "aether_legacy:recipes/combat/gravitite_helmet": {
    "criteria": {
      "has_enchanted_gravitite": "2024-09-06 15:31:33 +0300"
    },
    "done": true
  },
  "minecraft:recipes/misc/magenta_dye_from_lapis_ink_bonemeal": {
    "criteria": {
      "has_bonemeal": "2024-07-26 20:37:22 +0300"
    },
    "done": true
  },
  "roots:wildroot": {
    "criteria": {
      "book": "2024-08-01 09:33:08 +0300"
    },
    "done": true
  },
  "minecraft:recipes/misc/light_blue_dye_from_lapis_bonemeal": {
    "criteria": {
      "has_bonemeal": "2024-07-26 20:37:22 +0300"
    },
    "done": true
  },
  "minecraft:recipes/building_blocks/green_wool": {
    "criteria": {
      "has_white_wool": "2024-08-21 13:04:40 +0300"
    },
    "done": true
  },
  "biomesoplenty:biomesoplenty/flesh_and_blood": {
    "criteria": {
      "flesh": "2024-08-29 13:19:57 +0300"
    },
    "done": true
  },
  "minecraft:recipes/building_blocks/brown_wool": {
    "criteria": {
      "has_white_wool": "2024-08-21 13:04:40 +0300"
    },
    "done": true
  },
  "prodigytech:recipes/ash": {
    "criteria": {
      "has_material": "2024-08-05 09:56:31 +0300"
    },
    "done": true
  },
  "astralsorcery:celestial_crystals": {
    "criteria": {
      "rock_crystal_in_inventory": "2024-08-24 11:25:06 +0300"
    },
    "done": true
  },
  "prodigytech:main/energion_aeroheater": {
    "criteria": {
      "iron": "2024-10-14 13:32:56 +0300"
    },
    "done": true
  },
  "minecraft:recipes/building_blocks/end_bricks": {
    "criteria": {
      "has_end_stone": "2024-08-05 10:18:17 +0300"
    },
    "done": true
  },
  "minecraft:recipes/decorations/painting": {
    "criteria": {
      "has_wool": "2024-07-30 22:49:35 +0300"
    },
    "done": true
  },
  "minecraft:recipes/building_blocks/white_stained_glass": {
    "criteria": {
      "has_glass": "2024-07-27 21:59:34 +0300"
    },
    "done": true
  },
  "aether_legacy:recipes/tools/zanite_axe": {
    "criteria": {
      "has_zanite_gemstone": "2024-08-17 18:11:38 +0300"
    },
    "done": true
  },
  "botania:main/rune_pickup": {
    "criteria": {
      "rune": "2024-08-07 20:10:15 +0300"
    },
    "done": true
  },
  "biomesoplenty:recipes/transportation/boat_pine": {
    "criteria": {
      "entered_water": "2024-08-11 08:46:31 +0300"
    },
    "done": true
  },
  "bonsaitrees:root": {
    "criteria": {
      "bonsaipot_in_inventory": "2024-09-07 18:40:24 +0300"
    },
    "done": true
  },
  "biomesoplenty:recipes/buildingblocks/ash_block": {
    "criteria": {
      "has_item": "2024-07-31 20:49:55 +0300"
    },
    "done": true
  },
  "minecraft:recipes/building_blocks/stone_slab": {
    "criteria": {
      "has_stone": "2024-08-01 17:32:10 +0300"
    },
    "done": true
  },
  "minecraft:recipes/combat/arrow": {
    "criteria": {
      "has_flint": "2024-08-27 10:49:18 +0300"
    },
    "done": true
  },
  "aether_legacy:recipes/combat/gravitite_gloves": {
    "criteria": {
      "has_enchanted_gravitite": "2024-09-06 15:31:33 +0300"
    },
    "done": true
  },
  "botania:main/mana_pool_pickup": {
    "criteria": {
      "pool": "2024-07-27 22:04:22 +0300"
    },
    "done": true
  },
  "minecraft:recipes/redstone/light_weighted_pressure_plate": {
    "criteria": {
      "has_gold_ingot": "2024-08-07 11:24:46 +0300"
    },
    "done": true
  },
  "minecraft:recipes/tools/stone_shovel": {
    "criteria": {
      "has_cobblestone": "2024-08-15 14:27:46 +0300"
    },
    "done": true
  },
  "minecraft:recipes/decorations/yellow_stained_glass_pane": {
    "criteria": {
      "has_glass": "2024-07-27 21:59:34 +0300"
    },
    "done": true
  },
  "minecraft:recipes/building_blocks/blue_concrete_powder": {
    "criteria": {
      "has_sand": "2024-08-02 09:35:18 +0300"
    },
    "done": true
  },
  "minecraft:recipes/building_blocks/cyan_stained_glass": {
    "criteria": {
      "has_glass": "2024-07-27 21:59:34 +0300"
    },
    "done": true
  },
  "minecraft:recipes/building_blocks/andesite": {
    "criteria": {
      "has_stone": "2024-08-02 09:01:57 +0300"
    },
    "done": true
  },
  "mod_lavacow:mod_lavacow/kill_zombiemushroom": {
    "criteria": {
      "kill_zombiemushroom": "2024-08-22 11:08:27 +0300"
    },
    "done": true
  },
  "minecraft:recipes/combat/golden_helmet": {
    "criteria": {
      "has_gold_ingot": "2024-08-07 11:24:46 +0300"
    },
    "done": true
  },
  "minecraft:recipes/tools/lead": {
    "criteria": {
      "has_slime_ball": "2024-08-28 07:52:00 +0300"
    },
    "done": true
  },
  "biomesoplenty:biomesoplenty/root": {
    "criteria": {
      "bop_flower_0": "2024-08-03 11:11:49 +0300"
    },
    "done": true
  },
  "biomesoplenty:recipes/transportation/boat_ebony": {
    "criteria": {
      "entered_water": "2024-08-11 08:46:31 +0300"
    },
    "done": true
  },
  "twilightforest:alt/treasures/knightmetal_tool_set": {
    "criteria": {
      "ingredien3": "2024-08-16 12:17:36 +0300"
    },
    "done": true
  },
  "minecraft:story/root": {
    "criteria": {
      "crafting_table": "2024-07-26 20:26:28 +0300"
    },
    "done": true
  },
  "minecraft:recipes/misc/slime_ball": {
    "criteria": {
      "has_slime": "2024-08-27 09:11:52 +0300"
    },
    "done": true
  },
  "minecraft:recipes/redstone/dropper": {
    "criteria": {
      "has_redstone": "2024-08-01 17:42:37 +0300"
    },
    "done": true
  },
  "minecraft:recipes/misc/coal": {
    "criteria": {
      "has_coal_block": "2024-09-08 10:52:22 +0300"
    },
    "done": true
  },
  "minecraft:story/form_obsidian": {
    "criteria": {
      "obsidian": "2024-08-14 16:18:02 +0300"
    },
    "done": true
  },
  "minecraft:recipes/building_blocks/magma": {
    "criteria": {
      "has_magma_cream": "2024-09-29 08:09:11 +0300"
    },
    "done": true
  },
  "minecraft:recipes/building_blocks/string_to_wool": {
    "criteria": {
      "has_string": "2024-07-28 15:27:49 +0300"
    },
    "done": true
  },
  "biomesoplenty:recipes/transportation/boat_mahogany": {
    "criteria": {
      "entered_water": "2024-08-11 08:46:31 +0300"
    },
    "done": true
  },
  "minecraft:recipes/combat/leather_chestplate": {
    "criteria": {
      "has_leather": "2024-08-27 16:53:45 +0300"
    },
    "done": true
  },
  "mcwlights:recipes/lantern": {
    "criteria": {
      "lantern": "2024-08-04 19:46:10 +0300"
    },
    "done": true
  },
  "minecraft:recipes/tools/compass": {
    "criteria": {
      "has_redstone": "2024-08-01 17:42:37 +0300"
    },
    "done": true
  },
  "twilightforest:alt/treasures/steeleaf_armor_set": {
    "criteria": {
      "ingredient": "2024-07-29 11:47:55 +0300"
    },
    "done": true
  },
  "prodigytech:main/zorra_altar": {
    "criteria": {
      "reshaper": "2024-07-28 21:23:48 +0300"
    },
    "done": true
  },
  "biomesoplenty:recipes/misc/coal_from_ash": {
    "criteria": {
      "has_gem_block": "2024-07-31 20:49:55 +0300"
    },
    "done": true
  },
  "minecraft:recipes/building_blocks/polished_andesite": {
    "criteria": {
      "has_stone": "2024-08-01 17:39:11 +0300"
    },
    "done": true
  },
  "minecraft:recipes/building_blocks/quartz_block": {
    "criteria": {
      "has_quartz": "2024-08-26 16:43:06 +0300"
    },
    "done": true
  },
  "immersiveengineering:main/root": {
    "criteria": {
      "hold_manual": "2024-08-15 19:02:38 +0300"
    },
    "done": true
  },
  "twilightforest:alt/treasures/armors": {
    "criteria": {
      "2": "2024-07-29 11:47:55 +0300"
    },
    "done": true
  },
  "mcwlights:recipes/torches": {
    "criteria": {
      "has_wood": "2024-08-01 08:40:27 +0300"
    },
    "done": true
  },
  "minecraft:recipes/redstone/iron_door": {
    "criteria": {
      "has_iron_ingot": "2024-08-28 07:27:36 +0300"
    },
    "done": true
  },
  "roots:cloud_berry": {
    "criteria": {
      "book": "2024-10-01 19:14:41 +0300"
    },
    "done": true
  },
  "biomesoplenty:recipes/buildingblocks/celestial_crystal": {
    "criteria": {
      "has_item": "2024-07-26 21:30:35 +0300"
    },
    "done": true
  },
  "roots:wildewheet": {
    "criteria": {
      "seed": "2024-09-11 10:39:11 +0300"
    },
    "done": true
  },
  "immersiveengineering:main/multiblock_metalpress": {
    "criteria": {
      "form_blastfurnace": "2024-10-17 23:55:59 +0300"
    },
    "done": true
  },
  "immersiveengineering:main/craft_hammer": {
    "criteria": {
      "craft_hammer": "2024-09-03 16:36:58 +0300"
    },
    "done": true
  },
  "minecraft:recipes/decorations/nether_brick_fence": {
    "criteria": {
      "has_nether_brick": "2024-08-14 14:05:19 +0300"
    },
    "done": true
  },
  "enderiomachines:basics/sagmill/5_green": {
    "criteria": {
      "inv_changed-enderio:item_material": "2024-08-21 10:39:39 +0300"
    },
    "done": true
  },
  "botania:main/spark_craft": {
    "criteria": {
      "spark": "2024-07-27 22:04:16 +0300"
    },
    "done": true
  },
  "biomesoplenty:recipes/transportation/boat_willow": {
    "criteria": {
      "entered_water": "2024-08-11 08:46:31 +0300"
    },
    "done": true
  },
  "aether_legacy:recipes/combat/zanite_helmet": {
    "criteria": {
      "has_zanite_gemstone": "2024-08-17 18:11:38 +0300"
    },
    "done": true
  },
  "atum:core/justlikenew": {
    "criteria": {
      "sapphire_necklace": "2024-09-16 13:02:06 +0300"
    },
    "done": true
  },
  "biomesoplenty:recipes/misc/orange_dye_from_burning_blossom": {
    "criteria": {
      "has_flower": "2024-08-03 11:11:49 +0300"
    },
    "done": true
  },
  "erebus:agriculture/bamboo": {
    "criteria": {
      "collect_bamboo": "2024-09-24 12:33:44 +0300"
    },
    "done": false
  },
  "minecraft:recipes/transportation/jungle_boat": {
    "criteria": {
      "entered_water": "2024-08-11 08:46:31 +0300"
    },
    "done": true
  },
  "twilightforest:alt/treasures/steeleaf_tool_set": {
    "criteria": {
      "ingredient": "2024-07-29 11:47:55 +0300"
    },
    "done": true
  },
  "immersiveengineering:main/craft_heater": {
    "criteria": {
      "craft_hammer": "2024-08-15 14:18:59 +0300"
    },
    "done": true
  },
  "twilightforest:alt/entities/lich_zombies": {
    "criteria": {
      "hurt": "2024-09-02 14:52:30 +0300"
    },
    "done": true
  },
  "minecraft:recipes/redstone/heavy_weighted_pressure_plate": {
    "criteria": {
      "has_iron_ingot": "2024-08-28 07:27:36 +0300"
    },
    "done": true
  },
  "minecraft:recipes/transportation/dark_oak_boat": {
    "criteria": {
      "entered_water": "2024-08-11 08:46:31 +0300"
    },
    "done": true
  },
  "minecraft:recipes/redstone/daylight_detector": {
    "criteria": {
      "has_quartz": "2024-08-26 16:43:06 +0300"
    },
    "done": true
  },
  "minecraft:recipes/transportation/carrot_on_a_stick": {
    "criteria": {
      "has_carrot": "2024-09-28 16:12:38 +0300"
    },
    "done": true
  },
  "minecraft:recipes/food/pumpkin_pie": {
    "criteria": {
      "has_pumpkin": "2024-10-20 16:31:14 +0300"
    },
    "done": true
  },
  "biomesoplenty:recipes/transportation/boat_jacaranda": {
    "criteria": {
      "entered_water": "2024-08-11 08:46:31 +0300"
    },
    "done": true
  },
  "minecraft:recipes/building_blocks/pink_wool": {
    "criteria": {
      "has_white_wool": "2024-08-21 13:04:40 +0300"
    },
    "done": true
  },
  "bonsaitrees:grow": {
    "criteria": {
      "finished_growing_a_bonsai_tree": "2024-10-20 16:42:13 +0300"
    },
    "done": true
  },
  "minecraft:recipes/building_blocks/nether_brick_stairs": {
    "criteria": {
      "has_nether_brick": "2024-08-14 14:05:19 +0300"
    },
    "done": true
  },
  "minecraft:recipes/decorations/brown_bed_from_white_bed": {
    "criteria": {
      "has_bed": "2024-08-24 12:15:35 +0300"
    },
    "done": true
  },
  "minecraft:recipes/building_blocks/lit_pumpkin": {
    "criteria": {
      "has_pumpkin": "2024-10-20 16:31:13 +0300"
    },
    "done": true
  },
  "minecraft:recipes/building_blocks/polished_granite": {
    "criteria": {
      "has_stone": "2024-08-02 09:01:56 +0300"
    },
    "done": true
  },
  "minecraft:husbandry/breed_an_animal": {
    "criteria": {
      "bred_cow": "2024-08-11 21:12:58 +0300"
    },
    "done": true
  },
  "biomesoplenty:recipes/tools/empty_jar": {
    "criteria": {
      "has_glass": "2024-07-27 21:59:34 +0300"
    },
    "done": true
  },
  "mcwlights:recipes/lava_lamp": {
    "criteria": {
      "has_planks": "2024-08-01 08:40:27 +0300"
    },
    "done": true
  },
  "minecraft:recipes/building_blocks/stonebrick": {
    "criteria": {
      "has_stone": "2024-08-01 17:32:10 +0300"
    },
    "done": true
  },
  "enderioconduits:goals/all_filters": {
    "criteria": {
      "inv_changed-enderio:item_advanced_item_filter2": "2024-08-16 20:01:14 +0300"
    },
    "done": false
  },
  "biomesoplenty:recipes/buildingblocks/bamboo_thatching": {
    "criteria": {
      "has_item": "2024-09-07 13:44:49 +0300"
    },
    "done": true
  },
  "enderio:root": {
    "criteria": {
      "location": "2024-07-31 19:18:41 +0300"
    },
    "done": true
  },
  "minecraft:recipes/combat/golden_leggings": {
    "criteria": {
      "has_gold_ingot": "2024-08-07 11:24:46 +0300"
    },
    "done": true
  },
  "minecraft:recipes/building_blocks/stone_stairs": {
    "criteria": {
      "has_cobblestone": "2024-08-15 14:27:46 +0300"
    },
    "done": true
  },
  "mcwlights:recipes/garden_light": {
    "criteria": {
      "has_planks": "2024-08-01 08:40:27 +0300"
    },
    "done": true
  },
  "prodigytech:main/solderer": {
    "criteria": {
      "iron": "2024-10-14 13:32:50 +0300"
    },
    "done": true
  },
  "minecraft:recipes/decorations/brown_stained_glass_pane": {
    "criteria": {
      "has_glass": "2024-07-27 21:59:34 +0300"
    },
    "done": true
  },
  "minecraft:recipes/combat/diamond_boots": {
    "criteria": {
      "has_diamond": "2024-07-28 18:51:04 +0300"
    },
    "done": true
  },
  "twilightforest:progress_lich": {
    "criteria": {
      "zombie_scepter": "2024-09-02 14:52:12 +0300"
    },
    "done": false
  },
  "biomesoplenty:recipes/misc/gray_dye_from_ash": {
    "criteria": {
      "has_flower": "2024-07-31 20:49:55 +0300"
    },
    "done": true
  },
  "minecraft:story/smelt_iron": {
    "criteria": {
      "iron": "2024-08-28 07:27:36 +0300"
    },
    "done": true
  },
  "minecraft:recipes/redstone/wooden_door": {
    "criteria": {
      "has_planks": "2024-08-28 18:07:05 +0300"
    },
    "done": true
  },
  "minecraft:recipes/building_blocks/pink_stained_glass": {
    "criteria": {
      "has_glass": "2024-07-27 21:59:34 +0300"
    },
    "done": true
  },
  "minecraft:recipes/decorations/light_gray_stained_glass_pane": {
    "criteria": {
      "has_glass": "2024-07-27 21:59:34 +0300"
    },
    "done": true
  },
  "minecraft:recipes/decorations/light_gray_bed_from_white_bed": {
    "criteria": {
      "has_bed": "2024-08-24 12:15:35 +0300"
    },
    "done": true
  },
  "minecraft:recipes/building_blocks/bone_block": {
    "criteria": {
      "has_at_least_9_bonemeal": "2024-08-26 09:01:52 +0300"
    },
    "done": true
  },
  "enderioconduits:fluid/3_fluid_conduit_ender": {
    "criteria": {
      "inv_changed-enderio:liquid_conduit_ender": "2024-10-14 13:41:24 +0300"
    },
    "done": true
  }
}