{"stat.pickup.contenttweaker.death_metal_block":1,"stat.useItem.minecraft.quartz_block":3,"stat.drop.minecraft.gunpowder":9,"stat.pickup.extrautils2.redorchid":1,"stat.pickup.thermalexpansion.capacitor":1,"stat.drop.enderio.block_painted_stone_slab":1,"stat.drop.contenttweaker.rune_mushroom":1,"stat.drop.exnihilocreatio.item_pebble":3,"stat.pickup.mekanism.sawdust":16,"stat.useItem.contenttweaker.flolit":2,"stat.pickup.erebus.sapling_marshwood":2,"stat.pickup.minecraft.rotten_flesh":46,"stat.useItem.minecraft.diamond_hoe":1,"stat.pickup.excompressum.compressed_block":4,"stat.drop.immersivepetroleum.schematic":3,"stat.drop.immersiveengineering.ore":1,"stat.pickup.aether_legacy.cloud_staff":1,"stat.pickup.contenttweaker.creosolon":4,"stat.drop.actuallyadditions.block_quartz_wall":2,"stat.killEntity.Enderman":2,"stat.drop.thermalfoundation.storage_alloy":1,"stat.useItem.contenttweaker.atum_godshardium_ore":1,"stat.useItem.contenttweaker.moissanite_ore":1,"stat.pickup.minecraft.brown_mushroom":63,"stat.drop.mod_lavacow.intestine":1,"stat.drop.chisel.laboratory":1,"stat.drop.betternether.cincinnasite_block":2,"stat.drop.modularmachinery.blockcontroller":9,"stat.drop.contenttweaker.bloody_gearbox":2,"stat.pickup.mod_lavacow.intestine":7,"stat.killEntity.erebus.antlion":9,"stat.furnaceInteraction":1,"stat.drop.bountiful.bountyboarditem":1,"stat.drop.modularcontroller.satellite_launch_pad_controller":2,"stat.pickup.contenttweaker.carminium_ingot":1,"stat.useItem.immersivepetroleum.metal_device":10,"stat.drop.biomesoplenty.gem_ore":3,"stat.useItem.mekanism.tierinstaller":12,"stat.pickup.aether_legacy.aether_leaves":1,"stat.pickup.requious.wood_infuser":1,"stat.pickup.extendedcrafting.material":36,"stat.drop.astralsorcery.blockcollectorcrystal":2,"stat.drop.extendedcrafting.guide":2,"stat.pickup.botania.rune":1,"stat.useItem.minecraft.flint_and_steel":30,"stat.useItem.minecraft.wheat_seeds":4,"stat.useItem.biomesoplenty.flower_0":2,"stat.useItem.openblocks.paintbrush":4,"stat.mineBlock.astralsorcery.blockmarble":32,"stat.killEntity.Husk":8,"stat.drop.prodigytech.fuel_pellet_16":1,"stat.pickup.immersiveengineering.sheetmetal":1,"stat.pickup.contenttweaker.sick_worm":1,"stat.useItem.betternether.cincinnasite_ore":1,"stat.useItem.botania.twigwand":4,"stat.pickup.contenttweaker.goold":1,"stat.pickup.minecraft.lever":1,"stat.deaths":3,"stat.drop.prodigytech.energion_dust":1,"stat.pickup.thermalexpansion.tank":1,"stat.drop.erebus.death_compass":1,"stat.drop.botania.pool":2,"stat.drop.unlimitedchiselworks.chisel_stonebrick1_integrateddynamics_crystalized_menril_brick_0":1,"stat.pickup.mod_lavacow.foul_hide":1,"stat.pickup.modularmachinery.blockcasing":2,"stat.chestOpened":42,"stat.drop.contenttweaker.c14_dust":1,"stat.drop.solarflux.solar_panel_6":1,"stat.useItem.minecraft.lapis_ore":1,"stat.drop.immersiveengineering.metal_decoration0":6,"stat.drop.avaritiaitem.cosmic_fish":1,"stat.useItem.taiga.tiberium_ore":1,"stat.drop.immersiveengineering.metal_decoration1":2,"stat.pickup.minecraft.iron_sword":3,"stat.pickup.minecraft.gold_nugget":15,"stat.drop.contenttweaker.rune_boule":2,"stat.pickup.agricraft.agri_nugget":12,"stat.pickup.minecraft.carrot":408,"stat.crouchOneCm":129850,"stat.pickup.minecraft.rail":1,"stat.drop.contenttweaker.staffwood_flower":1,"stat.drop.contenttweaker.zirconium_mirror":1,"stat.craftingTableInteraction":7,"stat.pickup.contenttweaker.spice_rabbit":1,"stat.drop.thermalfoundation.ore":5,"stat.drop.mekanism.machineblock2":1,"stat.drop.modularcontroller.heat_engine_controller":4,"stat.drop.modularcontroller.space_assembler_controller":6,"stat.mineBlock.biomesoplenty.plant_1":1,"stat.pickup.immersiveengineering.stone_decoration":6,"stat.pickup.minecraft.dye":3,"stat.pickup.biomesoplenty.plant_1":2,"stat.pickup.biomesoplenty.plant_0":41,"stat.pickup.enderio.item_material":6,"stat.drop.mcwlights.gray_lamp":1,"stat.drop.minecraft.soul_sand":2,"stat.drop.enderio.item_material":2,"stat.drop.minecraft.rotten_flesh":11,"stat.pickup.openblocks.tank":2,"stat.drop.minecraft.lingering_potion":1,"stat.pickup.mysticalworld.pearl":22,"stat.useItem.erebus.amber_glass":3,"stat.useItem.erebus.ore_jade":1,"stat.drop.minecraft.glass_pane":2,"stat.pickup.astralsorcery.blockwell":2,"stat.drop.minecraft.iron_ore":1,"stat.pickup.mod_lavacow.shattered_ice":4,"stat.pickup.contenttweaker.death_metal_pieces":1,"stat.useItem.contenttweaker.electrotine_ore":3,"stat.useItem.minecraft.iron_sword":17,"stat.drop.contenttweaker.ferramic_gravel":1,"stat.drop.tconstruct.metal":1,"stat.drop.minecraft.comparator":1,"stat.useItem.carryon.entity_item":14,"stat.drop.mysticalworld.pearl":2,"stat.pickup.betternether.stalagnate_seed":71,"stat.drop.avaritia.block_resource":1,"stat.drop.biomesoplenty.shroompowder":1,"stat.drop.industrialforegoing.plant_interactor":1,"stat.pickup.integrateddynamics.variable":3,"stat.pickup.prodigytech.primordium":60,"stat.drop.astralsorcery.blockmarble":5,"stat.drop.contenttweaker.particle1":4,"stat.drop.erebus.small_plant":1,"stat.useItem.mysticalworld.amethyst_ore":1,"stat.useItem.thermalexpansion.reservoir":225,"stat.drop.quark.chain":2,"stat.mineBlock.minecraft.cobblestone":11,"stat.drop.minecraft.beacon":2,"stat.pickup.immersiveengineering.metal_decoration0":1,"stat.useItem.bigreactors.oreyellorite":1,"stat.drop.bloodmagic.soul_gem":1,"stat.mineBlock.contenttweaker.leaves_erebus":97,"stat.drop.contenttweaker.duraluminumwood_ingot":1,"stat.useItem.minecraft.stone_slab2":9684,"stat.useItem.taiga.ovium_ore":1,"stat.pickup.forge.bucketfilled":5,"stat.drop.betternether.stalagnate_seed":7,"stat.drop.mysticalagriculture.ingot_storage":1,"stat.drop.quark.biome_cobblestone":1,"stat.pickup.mysticalworld.silkworm_egg":5,"stat.useItem.taiga.osram_ore":1,"stat.drop.contenttweaker.zorra_steel_gem":1,"stat.mineBlock.minecraft.clay":1,"stat.pickup.contenttweaker.orichalcum_block":3,"stat.useItem.biomesoplenty.mudball":17,"stat.drop.minecraft.spider_eye":3,"stat.drop.botania.dreamwood1slab":1,"stat.drop.bloodmagic.demon_extras":3,"stat.useItem.xreliquary.mercy_cross":8,"stat.drop.contenttweaker.alchemical_clay_st":1,"stat.drop.contenttweaker.slimy_glass":4,"stat.killEntity.mod_lavacow.pingu":4,"stat.drop.minecraft.wool":1,"stat.killEntity.Creeper":9,"stat.pickup.contenttweaker.computer":27,"stat.drop.avaritia.infinity_sword":2,"stat.useItem.erebus.leaves_balsam":6,"stat.drop.quantumflux.graphitedust":1,"stat.pickup.thermalexpansion.frame":1,"stat.drop.minecraft.obsidian":1,"stat.sprintOneCm":15884451,"stat.drop.cathedral.basalt_block_checkered":5,"stat.pickup.twilightforest.steeleaf_ingot":77,"stat.useItem.carryon.tile_item":11,"stat.drop.mcwlights.glowstone_slab":1,"stat.drop.contenttweaker.inert_glass":1,"stat.pickup.modularmachinery.itemblueprint":1,"stat.drop.biomesoplenty.blue_fire":3,"stat.pickup.extrautils2.ineffableglass":2,"stat.pickup.contenttweaker.preblack_ingot":56,"stat.drop.betternether.ink_bush_seed":1,"stat.drop.chisel.energizedvoidstone":1,"stat.killEntity.mod_lavacow.undertaker":1,"stat.killEntity.mod_lavacow.ithaqua":2,"stat.drop.contenttweaker.ev_coil":1,"stat.mineBlock.aether_legacy.aether_log":1,"stat.mineBlock.extrautils2.compressedsand":6,"stat.killEntity.Zombie":10,"stat.drop.openblocks.tank":8,"stat.craftItem.minecraft.dye":1,"stat.pickup.buildinggadgets.buildingtool":1,"stat.pickup.minecraft.wheat":7,"stat.pickup.modularmachinery.itemconstructtool":1,"stat.drop.mcwlights.lava_lamp":1,"stat.pickup.minecraft.sign":5,"stat.drop.betternether.quartz_stained_glass_framed":1,"stat.pickup.twilightforest.moonworm":13,"stat.drop.erebus.grandmas_shoes_mushroom":1,"stat.pickup.harvestcraft.ediblerootitem":1,"stat.useItem.immersiveengineering.stone_decoration":97,"stat.useItem.atum.relic_ore":1,"stat.drop.aether_legacy.gravitite_ore":1,"stat.pickup.minecraft.gunpowder":11,"stat.drop.immersiveengineering.conveyor":3,"stat.drop.contenttweaker.carminium_ingot":1,"stat.useItem.minecraft.coal_ore":1,"stat.pickup.minecraft.dirt":1,"stat.useItem.netherendingores.ore_other_1":1,"stat.pickup.contenttweaker.primitive_eyes":3,"stat.drop.actuallyadditions.block_atomic_reconstructor":1,"stat.useItem.astralsorcery.blockblackmarble":21,"stat.pickup.astralsorcery.blockcelestialcollectorcrystal":1,"stat.drop.tconstruct.clear_glass":1,"stat.drop.contenttweaker.sunnarium_core":6,"stat.drop.contenttweaker.star_frame":1,"stat.drop.requious.wood_infuser":9,"stat.mineBlock.minecraft.red_flower":15,"stat.drop.harvestcraft.blackberryjuiceitem":1,"stat.useItem.mysticalagriculture.prosperity_ore":1,"stat.drop.cathedral.dwemer_light_normal":1,"stat.drop.biomesoplenty.plant_1":2,"stat.drop.thermalexpansion.frame":1,"stat.drop.actuallyadditions.item_food":1,"stat.drop.mcwbridges.orange_sandstone_bridge":4,"stat.drop.thermalfoundation.glass_alloy":1,"stat.useItem.thermalexpansion.augment":25,"stat.useItem.excompressum.compressed_hammer_diamond":2,"stat.drop.minecraft.item_frame":1,"stat.drop.roots.runestone":2,"stat.drop.bhc.yellow_heart":1,"stat.useItem.minecraft.lava_bucket":49,"stat.useItem.exnihilocreatio.hammer_iron":4,"stat.useItem.minecraft.gold_ore":1,"stat.pickup.tconstruct.clear_glass":5,"stat.drop.biomesoplenty.sapling_0":1,"stat.killEntity.mod_lavacow.zombiemushroom":1,"stat.pickup.aether_legacy.aether_log":1,"stat.pickup.extendedcrafting.guide":1,"stat.useItem.minecraft.redstone_ore":1,"stat.drop.mcwbridges.oak_rail_bridge":1,"stat.drop.contenttweaker.life_essence_ore":2,"stat.pickup.contenttweaker.leaves_erebus":18,"stat.mobKills":285,"stat.drop.tconstruct.scythe":1,"stat.pickup.minecraft.diamond":1,"stat.drop.thermalexpansion.tank":3,"stat.pickup.minecraft.beetroot_seeds":2,"stat.pickup.harvestcraft.raspberryitem":1,"stat.drop.exnihilocreatio.item_mesh":1,"stat.pickup.astralsorcery.blockmarble":30,"stat.drop.requious.fluid_mixer":1,"stat.drop.minecraft.mutton":1,"stat.useItem.contenttweaker.tungsten_ore":1,"stat.pickup.mysticalworld.charred_log":8,"stat.drop.mysticalworld.amethyst_knife":1,"stat.drop.extrautils2.creativeenergy":5,"stat.pickup.twilightforest.zombie_scepter":3,"stat.useItem.tconstruct.shortbow":3,"stat.useItem.thermalfoundation.upgrade":10,"stat.drop.natura.edibles":1,"stat.drop.xnet.connector":1,"stat.drop.cathedral.dwemer_bars_normal":1,"stat.killEntity.primitivemobs.festive_creeper":1,"stat.drop.contenttweaker.iv_coil":3,"stat.mineBlock.minecraft.sand":10,"stat.drop.tconstruct.lumberaxe":1,"stat.pickup.harvestcraft.snailrawitem":60,"stat.hopperInspected":47,"stat.drop.minecraft.diamond":1,"stat.pickup.tconstruct.slime_sapling":1,"stat.drop.engineersdecor.metal_rung_steps":1,"stat.drop.botania.dreamwood0wall":3,"stat.drop.harvestcraft.tamarinditem":1,"stat.useItem.bigreactors.oreanglesite":1,"stat.drop.minecraft.rail":2,"stat.drop.contenttweaker.wormholium":1,"stat.pickup.bhc.red_heart":11,"stat.drop.contenttweaker.neutronium_sheetmetal":2,"stat.useItem.taiga.valyrium_ore":1,"stat.drop.astralsorcery.blockmarblestairs":1,"stat.craftItem.thermalfoundation.material":9,"stat.drop.biomesoplenty.crystal_shard":1,"stat.pickup.botania.spark":7,"stat.drop.buildinggadgets.exchangertool":1,"stat.drop.contenttweaker.power_core":3,"stat.pickup.extrautils2.compressedsand":2,"stat.pickup.quark.root_dye":62,"stat.pickup.contenttweaker.aquamarine_dust":1,"stat.drop.matc.inferiumcrystal":1,"stat.pickup.tconstruct.slime_dirt":1,"stat.useItem.immersiveengineering.wooden_device1":5,"stat.drop.chisel.factory":1,"stat.drop.simple_trophies.trophy":15,"stat.mineBlock.betternether.cincinnasite_block":1,"stat.useItem.extendedcrafting.recipe_maker":79,"stat.recordPlayed":1,"stat.pickup.extendedcrafting.recipe_maker":1,"stat.pickup.extrautils2.flattransfernode":2,"stat.drop.astralsorcery.blockcelestialcollectorcrystal":1,"stat.useItem.bloodmagic.arcane_ashes":1,"stat.useItem.atum.bone_ore":1,"stat.drop.contenttweaker.flesh_rod":1,"stat.drop.integrateddynamics.variable":3,"stat.drop.twilightforest.tower_device":2,"stat.drop.immersiveengineering.metal_device1":3,"stat.drop.minecraft.stone":6,"stat.useItem.modularmachinery.itemblueprint":5,"stat.pickup.harvestcraft.candleberryitem":1,"stat.pickup.minecraft.melon_seeds":2,"stat.drop.mysticalworld.charred_log":3,"stat.pickup.thermalexpansion.device":1,"stat.pickup.avaritiaitem.cosmic_fish":1,"stat.drop.xreliquary.sojourner_staff":1,"stat.drop.contenttweaker.ssa_block":1,"stat.drop.minecraft.bone":4,"stat.mineBlock.modularmachinery.blockcasing":2,"stat.pickup.minecraft.slime":1,"stat.pickup.matc.inferiumcrystal":1,"stat.pickup.contenttweaker.stoneleaf":1,"stat.mineBlock.minecraft.gravel":10,"stat.drop.appliedenergistics2.creative_energy_cell":2,"stat.pickup.contenttweaker.neutronium_sheetmetal":1,"stat.pickup.contenttweaker.rotor":1,"stat.drop.roots.pyre":1,"stat.killEntity.primitivemobs.baby_spider":6,"stat.killEntity.mod_lavacow.boneworm":8,"stat.pickup.minecraft.flint_and_steel":1,"stat.drop.mekanism.salt":1,"stat.pickup.minecraft.crafting_table":1,"stat.useItem.minecraft.log":35,"stat.drop.extendedcrafting.singularity_custom":1,"stat.useItem.tinkersaether.dart_shooter":9,"stat.useItem.integrateddynamics.part_block_reader_item":1,"stat.useItem.draconicevolution.draconium_ore":1,"stat.drop.quantumflux.craftingpiece":1,"stat.drop.minecraft.sign":9,"stat.pickup.contenttweaker.xnet_wire":1,"stat.pickup.astralsorcery.blockaltar":4,"stat.pickup.minecraft.web":2,"stat.drop.contenttweaker.rune_fire_block":3,"stat.drop.chisel.lavastone1":1,"stat.pickup.minecraft.sapling":17,"stat.craftItem.astralsorcery.blockaltar":1,"stat.drop.bloodtinker.blood_bronze_block":1,"stat.useItem.exnihilocreatio.hammer_diamond":13,"stat.pickup.minecraft.beetroot":1,"stat.drop.immersiveengineering.wooden_device1":1,"stat.drop.actuallyadditions.block_misc":2,"stat.drop.contenttweaker.flolit":13,"stat.drop.immersiveengineering.material":2,"stat.drop.contenttweaker.arkenium_block":1,"stat.useItem.taiga.vibranium_ore":1,"stat.drop.bhc.red_heart":2,"stat.useItem.taiga.karmesine_ore":1,"stat.drop.biomesoplenty.jar_filled":4,"stat.drop.extrautils2.ineffableglass":2,"stat.drop.minecraft.bucket":2,"stat.pickup.contenttweaker.wormholium":1,"stat.mineBlock.extrautils2.compressedgravel":1,"stat.drop.contenttweaker.orichalcum_ore":1,"stat.drop.minecraft.yellow_flower":1,"stat.pickup.minecraft.yellow_flower":6,"stat.drop.tconstruct.slime_dirt":2,"stat.pickup.minecraft.bone":15,"stat.mineBlock.erebus.leaves_marshwood":1,"stat.useItem.immersiveengineering.conveyor":17,"stat.craftItem.minecraft.bone":2,"stat.drop.unlimitedchiselworks.chisel_planks_oak_prodigytech_particle_board_planks_0":2,"stat.pickup.erebus.materials":69,"stat.climbOneCm":3350,"stat.drop.contenttweaker.bug_hill_exit1":1,"stat.drop.engineersdecor.steel_framed_window":1,"stat.pickup.tconstruct.slime_leaves":1,"stat.pickup.requious.satellite_controller":1,"stat.drop.contenttweaker.essence_pump1":7,"stat.drop.projectred-core.resource_item":1,"stat.drop.roots.runed_sword":1,"stat.useItem.tconstruct.lumberaxe":8,"stat.useItem.minecraft.iron_ore":9,"stat.drop.modularmachinery.blockinputbus":1,"stat.pickup.bloodmagic.monster_soul":6,"stat.useItem.modularmachinery.itemconstructtool":1319,"stat.killEntity.erebus.magma_crawler":4,"stat.drop.roots.elemental_soil_water":1,"stat.craftItem.twilightforest.moonworm_queen":1,"stat.useItem.erebus.jade_hoe":3,"stat.mineBlock.minecraft.iron_ore":8,"stat.useItem.erebus.small_plant":1,"stat.pickup.integrateddynamics.on_the_dynamics_of_integration":1,"stat.drop.quark.crystal":2,"stat.drop.contenttweaker.living_steel_ingot":2,"stat.useItem.immersivepetroleum.schematic":8,"stat.mineBlock.thermalfoundation.ore":1,"stat.drop.minecraft.dirt":1,"stat.pickup.mekanism.salt":8,"stat.drop.minecraft.bedrock":2,"stat.useItem.astralsorcery.blockcustomsandore":1,"stat.drop.quark.iron_plate":59,"stat.drop.contenttweaker.computer":1,"stat.drop.avaritia.singularity":1,"stat.pickup.prodigytech.ash":1,"stat.drop.modularcontroller.gas_column_controller":2,"stat.killEntity.entity_clam":41,"stat.pickup.biomesoplenty.blue_fire":1,"stat.drop.minecraft.leaves":1,"stat.drop.scannable.scanner":1,"stat.drop.harvestcraft.huckleberryitem":1,"stat.useItem.extrautils2.compressedsand":1,"stat.drop":1074,"stat.craftItem.actuallyadditions.item_misc":4,"stat.killEntity.Sheep":2,"stat.drop.contenttweaker.rare_earth_dust":1,"stat.useItem.contenttweaker.orichalcum_ore":1,"stat.drop.extendedcrafting.table_ultimate":2,"stat.mineBlock.astralsorcery.blockmachine":2,"stat.useItem.avaritia.infinity_sword":266,"stat.drop.harvestcraft.lemondrizzlecakeitem":1,"stat.drop.bloodmagic.demon_wall_1":1,"stat.killEntity.mod_lavacow.enigmoth":8,"stat.useItem.immersiveengineering.tool":14,"stat.drop.twilightforest.moonworm":1,"stat.useItem.minecraft.potion":1,"stat.useItem.requious.altar":2,"stat.killEntity.primitivemobs.support_creeper":1,"stat.pickup.harvestcraft.blackberryitem":1,"stat.useItem.aether_legacy.gravitite_ore":1,"stat.drop.thermalinnovation.magnet":1,"stat.drop.roots.wildewheet_seed":1,"stat.pickup.mod_lavacow.acidicheart":4,"stat.drop.minecraft.piston":1,"stat.drop.minecraft.bed":1,"stat.drop.minecraft.glass":2,"stat.drop.roots.runic_shears":2,"stat.drop.contenttweaker.magnetic_glass":2,"stat.useItem.contenttweaker.lapis_tile":6,"stat.drop.immersivepetroleum.metal_multiblock":2,"stat.useItem.enderio.item_liquid_conduit":5,"stat.drop.minecraft.stone_button":2,"stat.drop.minecraft.water_bucket":2,"stat.pickup.mod_lavacow.chitin":4,"stat.drop.extrautils2.user":1,"stat.pickup.immersiveengineering.fluorescent_tube":1,"stat.drop.roots.staff":1,"stat.damageDealt":62883,"stat.useItem.contenttweaker.zinc_ore":1,"stat.drop.harvestcraft.ediblerootitem":1,"stat.mineBlock.contenttweaker.iron_sand":16,"stat.drop.contenttweaker.burn_powder":1,"stat.useItem.contenttweaker.staffwood_flower":103,"stat.drop.botania.shimmerwoodplanks":1,"stat.useItem.contenttweaker.neodymium_ore":1,"stat.drop.modularmachinery.itemblueprint":2,"stat.drop.unlimitedchiselworks.chisel_planks_oak_natura_overworld_planks_2":3,"stat.drop.roots.runestone_slab":1,"stat.pickup.torcherino.blocktorcherino":1,"stat.drop.contenttweaker.potato_block5":1,"stat.pickup.minecraft.air":0,"stat.useItem.immersiveengineering.treated_wood_slab":422,"stat.useItem.contenttweaker.leaves_erebus":17,"stat.pickup.mod_lavacow.sharptooth":1,"stat.drop.minecraft.crafting_table":1,"stat.drop.enderio.item_alloy_endergy_ingot":1,"stat.drop.minecraft.nether_wart_block":1,"stat.drop.bloodmagic.sigil_blood_light":1,"stat.useItem.astralsorcery.blockaltar":1,"stat.drop.natura.overworld_logs":1,"stat.mineBlock.minecraft.leaves":256,"stat.mineBlock.quark.iron_plate":3,"stat.pickup.contenttweaker.terra_coral":1,"stat.drop.tconevo.tool_sceptre":2,"stat.pickup.enderio.block_dark_steel_anvil":1,"stat.drop.betterbuilderswands.wanddiamond":1,"stat.drop.tconevo.metal_block":1,"stat.useItem.erebus.ore_copper":1,"stat.useItem.taiga.abyssum_ore":1,"stat.drop.contenttweaker.space_ice_crystal_block":11,"stat.useItem.erebus.ore_petrified_wood":1,"stat.useItem.cathedral.deckprism":2,"stat.beaconInteraction":4,"stat.craftItem.minecraft.rotten_flesh":6,"stat.pickup.astralsorcery.blockcollectorcrystal":4,"stat.pickup.draconicevolution.draconium_dust":1,"stat.drop.contenttweaker.alien_electrode":1,"stat.leaveGame":60,"stat.drop.contenttweaker.antenna_mk3":1,"stat.drop.projecte.matter_block":1,"stat.drop.contenttweaker.antenna_mk1":1,"stat.useItem.quark.biotite_ore":1,"stat.pickup.tconstruct.edible":3,"stat.drop.modularcontroller.donut_controller":3,"stat.drop.mekanism.tierinstaller":2,"stat.drop.forge.bucketfilled":31,"stat.killEntity.PigZombie":4,"stat.pickup.xreliquary.mob_ingredient":5,"stat.drop.moreplates.dark_steel_plate":1,"stat.useItem.betterbuilderswands.wandunbreakable":42,"stat.killEntity.primitivemobs.skeleton_warrior":1,"stat.drop.contenttweaker.starmetal_sheetmetal":2,"stat.drop.biomesoplenty.gem":1,"stat.pickup.exnihilocreatio.block_dust":19,"stat.pickup.mod_lavacow.parasite_item":2,"stat.useItem.mod_lavacow.holy_grenade":1,"stat.drop.torcherino.blocktorcherino":1,"stat.drop.actuallyadditions.block_farmer":1,"stat.drop.botania.starfield":1,"stat.pickup.erebus.small_plant":694,"stat.drop.botania.terraplate":1,"stat.drop.immersiveengineering.toolupgrade":1,"stat.drop.extrautils2.redstoneclock":1,"stat.killEntity.Witch":1,"stat.drop.minecraft.sand":3,"stat.pickup.exnihilocreatio.item_ore_copper":5,"stat.drop.quark.slate":1,"stat.pickup.bhc.yellow_heart":1,"stat.useItem.tconstruct.ore":2,"stat.pickup.thermalfoundation.material":122,"stat.drop.contenttweaker.night_glass":1,"stat.useItem.immersiveengineering.sheetmetal_slab":29,"stat.pickup.minecraft.beef":7,"stat.mineBlock.mcwbridges.oak_rail_bridge":1,"stat.useItem.taiga.duranite_ore":1,"stat.drop.contenttweaker.conveyor_block":4,"stat.drop.contenttweaker.bauxite_dust":1,"stat.drop.botania.dreamwood":1,"stat.drop.roots.mortar":1,"stat.drop.quark.glass_item_frame":5,"stat.useItem.minecraft.lingering_potion":1,"stat.useItem.erebus.ore_gneiss":1,"stat.useItem.contenttweaker.iron_sand":29,"stat.drop.chisel.factory1":2,"stat.useItem.immersiveengineering.metal_multiblock":1,"stat.useItem.minecraft.dye":31,"stat.useItem.appliedenergistics2.quartz_ore":1,"stat.drop.mcwbridges.spruce_rail_bridge_end":1,"stat.killEntity.primitivemobs.rocket_creeper":1,"stat.pickup.actuallyadditions.item_dust":1,"stat.pickup.quark.chain":1,"stat.pickup.immersiveengineering.sheetmetal_slab":1,"stat.drop.minecraft.torch":1,"stat.mineBlock.minecraft.tallgrass":200,"stat.useItem.minecraft.splash_potion":17,"stat.pickup.contenttweaker.rune_boule_core":1,"stat.pickup.immersiveengineering.material":128,"stat.useItem.minecraft.stone":41,"stat.drop.xreliquary.mob_ingredient":1,"stat.useItem.extrautils2.flattransfernode":4,"stat.pickup.actuallyadditions.block_quartz_wall":5,"stat.pickup.minecraft.arrow":9,"stat.pickup.extrautils2.compressedcobblestone":1,"stat.drop.contenttweaker.orichalconite_block":1,"stat.drop.betternether.lucis_spore":1,"stat.drop.immersiveengineering.sheetmetal_slab":2,"stat.pickup.contenttweaker.burn_powder":1,"stat.pickup.contenttweaker.c14_dust":1,"stat.drop.chisel.ice1":1,"stat.drop.minecraft.mushroom_stew":6,"stat.useItem.biomesoplenty.plant_1":4,"stat.killEntity.thermalfoundation.blizz":6,"stat.useItem.minecraft.emerald_ore":1,"stat.drop.quark.colored_item_frame":1,"stat.pickup.betternether.stalagnate_stem":13,"stat.useItem.contenttweaker.flolit_ore":5,"stat.drop.apotheosis.hellshelf":1,"stat.pickup.minecraft.wheat_seeds":8,"stat.drop.aether_legacy.crystal_leaves":1,"stat.drop.mysticalagriculture.crafting":3,"stat.useItem.bigreactors.orebenitoite":1,"stat.drop.contenttweaker.sick_worm":1,"stat.drop.modularcontroller.essence_extractor_controller":3,"stat.drop.mysticalworld.wet_mud_block":1,"stat.drop.tconstruct.rapier":1,"stat.mineBlock.mekanism.saltblock":2,"stat.pickup.roots.wildroot":2,"stat.drop.chisel.emerald":1,"stat.drop.immersiveengineering.treated_wood_slab":21,"stat.useItem.tconstruct.pickaxe":30,"stat.drop.contenttweaker.sphalerite_dust":1,"stat.pickup.minecraft.hopper":1,"stat.pickup.minecraft.apple":1,"stat.useItem.enderio.item_stellar_alloy_pickaxe":65,"stat.useItem.mekanism.atomicdisassembler":3,"stat.itemEnchanted":100,"stat.pickup.roots.petals":26,"stat.mineBlock.minecraft.log":40,"stat.drop.tconevo.metal":9,"stat.pickup.enderio.item_dark_steel_chestplate":1,"stat.pickup.minecraft.red_flower":4,"stat.mineBlock.contenttweaker.flolit_ore":7,"stat.pickup.minecraft.wool":2,"stat.drop.botania.manaresource":3,"stat.drop.modularcontroller.heat_exchanger_controller":1,"stat.drop.botania.spark":1,"stat.drop.minecraft.grass":4,"stat.useItem.taiga.eezo_ore":1,"stat.pickup.contenttweaker.ashen_biocoal":3,"stat.useItem.taiga.palladium_ore":1,"stat.useItem.twilightforest.moonworm_queen":16,"stat.pickup.modularmachinery.blockoutputbus":2,"stat.useItem.enderio.item_cold_fire_igniter":1,"stat.drop.modularcontroller.hydroponic_controller":1,"stat.mineBlock.minecraft.yellow_flower":23,"stat.pickup.astralsorcery.itemcelestialcrystal":1,"stat.drop.contenttweaker.mana_focus":1,"stat.drop.cathedral.deckprism":1,"stat.drop.thermalfoundation.material":8,"stat.mineBlock.astralsorcery.blockcustomore":8,"stat.drop.contenttweaker.reagent_oil":2,"stat.drop.contenttweaker.ice_shard":1,"stat.drop.contenttweaker.titanium_dust":1,"stat.drop.bloodmagic.soul_forge":3,"stat.mineBlock.erebus.leaves_balsam":1,"stat.drop.contenttweaker.advanced_circuit_plate":1,"stat.drop.actuallyadditions.block_heat_collector":1,"stat.flyOneCm":22975386,"stat.pickup.actuallyadditions.item_booklet":1,"stat.useItem.taiga.prometheum_ore":1,"stat.useItem.contenttweaker.starmetal_sheetmetal":93,"stat.drop.contenttweaker.bouncy_matter":1,"stat.drop.mcwlights.dark_oak_tiki_torch":1,"stat.drop.bloodmagic.slate":1,"stat.pickup.thermalfoundation.armor.plate_invar":1,"stat.drop.quark.jasper":1,"stat.timeSinceDeath":13241290,"stat.useItem.betternether.cincinnasite_block":18,"stat.drop.astralsorcery.blockcustomore":1,"stat.killEntity.mod_lavacow.parasite":3,"stat.pickup.mod_lavacow.hyphae":1,"stat.pickup.biomesoplenty.double_plant":3,"stat.pickup.contenttweaker.sunnarium_core":1,"stat.drop.mekanism.compressedredstone":1,"stat.drop.astralsorcery.itemrockcrystalsimple":135,"stat.pickup.botania.manaresource":7,"stat.drop.minecraft.spawn_egg":6,"stat.pickup.minecraft.string":24,"stat.drop.requious.bioassembler":2,"stat.pickup.astralsorcery.blockmachine":2,"stat.useItem.erebus.bambucket":1,"stat.drop.extendedcrafting.singularity":1,"stat.drop.mysticalagriculture.stone_essence":1,"stat.pickup.thermalfoundation.dye":122,"stat.drop.actuallyadditions.block_crystal":1,"stat.drop.minecraft.lava_bucket":1,"stat.drop.immersiveengineering.fluorescent_tube":1,"stat.useItem.minecraft.diamond_ore":1,"stat.pickup.contenttweaker.electrotine_ore":1,"stat.drop.projecte.item.pe_philosophers_stone":1,"stat.diveOneCm":11592,"stat.useItem.actuallyadditions.block_misc":1,"stat.pickup.cathedral.deckprism":3,"stat.useItem.roots.living_pickaxe":60,"stat.drop.harvestcraft.elderberryitem":1,"stat.useItem.immersiveengineering.metal_decoration1_slab":6,"stat.useItem.contenttweaker.chrome_ore":1,"stat.drop.minecraft.apple":1,"stat.jump":46797,"stat.drop.contenttweaker.black_bronze_ingot":1,"stat.useItem.projectred-integration.gate":1,"stat.pickup.betternether.cincinnasite_wall":1,"stat.drop.contenttweaker.pure_sheetmetal":3,"stat.drop.minecraft.glowstone":1,"stat.drop.contenttweaker.prism":1,"stat.useItem.minecraft.sapling":4,"stat.damageTaken":2585,"stat.drop.enderio.item_cold_fire_igniter":1,"stat.drop.contenttweaker.entwood_dust":1,"stat.useItem.forge.bucketfilled":34,"stat.pickup.minecraft.potato":2,"stat.pickup.buildinggadgets.destructiontool":1,"stat.useItem.contenttweaker.computer":4,"stat.useItem.immersiveengineering.metal_device1":169,"stat.mineBlock.twilightforest.root":4,"stat.pickup.twilightforest.liveroot":2,"stat.drop.unlimitedchiselworks.chisel_stonebrick_roots_runestone_brick_0":1,"stat.animalsBred":1,"stat.drop.engineersdecor.rebar_concrete_wall":1,"stat.drop.mysticalworld.amethyst_block":2,"stat.drop.actuallyadditions.item_misc":1,"stat.pickup.avaritiaitem.cosmic_rune":1,"stat.drop.immersiveengineering.wirecoil":1,"stat.pickup.twilightforest.root":2,"stat.mineBlock.astralsorcery.blockwell":2,"stat.pickup.minecraft.ender_pearl":7,"stat.useItem.contenttweaker.death_metal_ore":1,"stat.drop.contenttweaker.burned_slimedirt":1,"stat.drop.minecraft.cookie":1,"stat.pickup.harvestcraft.strawberryitem":1,"stat.drop.twilightforest.root":6,"stat.drop.contenttweaker.advanced_pyrotheum":1,"stat.drop.enderio.item_stellar_alloy_pickaxe":2,"stat.drop.minecraft.arrow":1,"stat.useItem.taiga.uru_ore":1,"stat.drop.modularmachinery.blockenergyinputhatch":2,"stat.pickup.immersivepetroleum.metal_multiblock":1,"stat.drop.mekanism.basicblock":1,"stat.drop.quantumflux.darkstone":28,"stat.drop.engineersdecor.panzerglass_block":4,"stat.drop.contenttweaker.bouncy_matter_small":1,"stat.drop.cathedral.cathedral_glass_stained":2,"stat.drop.integrateddynamics.cable":1,"stat.killEntity.trumpetskeleton.TrumpetSkeleton":1,"stat.pickup.biomesoplenty.jar_filled":1,"stat.drop.tconstruct.sign_head":1,"stat.pickup.mod_lavacow.cursed_fabric":3,"stat.useItem.astralsorcery.blockwell":1,"stat.mineBlock.extrautils2.compressedcobblestone":3,"stat.drop.contenttweaker.living_motor":1,"stat.drop.immersiveengineering.sheetmetal":1,"stat.useItem.taiga.aurorium_ore":1,"stat.drop.unlimitedchiselworks.chisel_cobblestone2_quark_biome_cobblestone_0":1,"stat.drop.erebus.honey_treat":1,"stat.useItem.thermalfoundation.ore":9,"stat.pickup.minecraft.blaze_powder":50,"stat.drop.mekanism.machineblock":2,"stat.drop.erebus.amber_glass":2,"stat.useItem.minecraft.water_bucket":9,"stat.pickup.minecraft.sand":21,"stat.pickup.contenttweaker.creosolon_frame":22,"stat.drop.darkutils.shulker_pearl":1,"stat.drop.mekanism.atomicdisassembler":2,"stat.drop.contenttweaker.blood_gem":4,"stat.mineBlock.openblocks.tank":1,"stat.pickup.simple_trophies.trophy":13,"stat.drop.appliedenergistics2.part":3,"stat.drop.astralsorcery.blockcustomsandore":1,"stat.pickup.contenttweaker.luck_particle":1,"stat.pickup.immersiveengineering.wirecoil":2,"stat.drop.mekanism.energyupgrade":8,"stat.mineBlock.appliedenergistics2.tiny_tnt":1,"stat.useItem.minecraft.spawn_egg":131,"stat.drop.contenttweaker.chitin":1,"stat.drop.mysticalworld.silkworm_egg":4,"stat.pickup.quantumflux.darkstone":2,"stat.pickup.mod_lavacow.ectoplasm":3,"stat.pickup.projectred-core.resource_item":64,"stat.useItem.contenttweaker.gallium_ore":1,"stat.pickup.contenttweaker.bouncy_matter":1,"stat.drop.contenttweaker.empowered_shard":1,"stat.useItem.immersiveengineering.connector":3,"stat.pickup.bloodmagic.soul_snare":1,"stat.drop.contenttweaker.thermal_plate":1,"stat.drop.enderio.block_farm_station":1,"stat.pickup.actuallyadditions.item_solidified_experience":34,"stat.drop.chisel.brownstone":1,"stat.pickup.roots.runic_shears":2,"stat.killEntity.mod_lavacow.ghostray":3,"stat.drop.taiga.basalt_block":1,"stat.pickup.contenttweaker.iron_sand":48,"stat.pickup.exnihilocreatio.item_ore_iron":91,"stat.pickup.minecraft.skull":2,"stat.pickup.modularcontroller.super_mixer_controller":1,"stat.pickup.deepmoblearning.soot_covered_redstone":1,"stat.pickup.mcwbridges.oak_rail_bridge":1,"stat.drop.cathedral.cathedral_chain_various":1,"stat.useItem.contenttweaker.lazy_soup":1,"stat.playOneMinute":29423558,"stat.drop.minecraft.string":2,"stat.pickup.mysticalworld.aubergine_seed":1,"stat.pickup.engineersdecor.small_milking_machine":2,"stat.pickup.natura.overworld_seeds":1,"stat.mineBlock.twilightforest.moonworm":16,"stat.drop.tconstruct.shuriken":1,"stat.drop.twilightforest.zombie_scepter":1,"stat.useItem.taiga.jauxum_ore":1,"stat.drop.storagedrawers.basicdrawers":1,"stat.drop.requious.satellite_controller":1,"stat.useItem.minecraft.quartz_ore":1,"stat.drop.modularmachinery.blockfluidinputhatch":2,"stat.fallOneCm":93197,"stat.drop.minecraft.dye":4,"stat.drop.bloodmagic.item_demon_crystal":1,"stat.drop.mod_lavacow.scythe_claw":8,"stat.pickup.minecraft.red_mushroom":523,"stat.useItem.mekanism.oreblock":1,"stat.drop.tconstruct.fancy_frame":1,"stat.pickup.mod_lavacow.scythe_claw":8,"stat.pickup.industrialforegoing.artificial_dye":62,"stat.drop.extendedcrafting.table_basic":1,"stat.pickup.minecraft.comparator":1,"stat.useItem.biomesoplenty.gem_ore":9,"stat.pickup.projectred-expansion.plan":1,"stat.pickup.contenttweaker.reinforced_cell":8,"stat.drop.tconstruct.seared":2,"stat.drop.contenttweaker.lapis_tile":2,"stat.drop.contenttweaker.crystal_metal_block":1,"stat.mineBlock.erebus.honey_treat":1,"stat.mineBlock.exnihilocreatio.block_dust":1,"stat.pickup.contenttweaker.worm_glass":1,"stat.drop.ironchest.iron_chest":6,"stat.pickup.minecraft.log":22,"stat.useItem.contenttweaker.zirconium_ore":1,"stat.mineBlock.astralsorcery.blockcollectorcrystal":4,"stat.pickup.betternether.cincinnasite_block":1,"stat.useItem.betternether.stalagnate_seed":2,"stat.drop.prodigytech.atomic_reshaper":1,"stat.killEntity.erebus.fly":12,"stat.drop.roots.runestone_wall":1,"stat.drop.tconstruct.edible":1,"stat.mineBlock.contenttweaker.electrotine_ore":5,"stat.pickup.contenttweaker.arkenium_dust":1,"stat.pickup.avaritia.infinity_boots":1,"stat.pickup.buildinggadgets.exchangertool":2,"stat.drop.chisel.bloodmagic":1,"stat.drop.modulardiversity.blockhotairinputhatch":1,"stat.sneakTime":58797,"stat.useItem.excompressum.compressed_hammer_iron":12,"stat.useItem.enderio.item_end_steel_pickaxe":1,"stat.mineBlock.contenttweaker.leaves_vanilla":56,"stat.useItem.immersiveengineering.ore":3,"stat.drop.mekanism.clump":1,"stat.mineBlock.astralsorcery.blockcelestialcollectorcrystal":1,"stat.drop.contenttweaker.pilkeum":3,"stat.drop.erebus.sapling_marshwood":2,"stat.drop.moreplates.knightslime_plate":1,"stat.drop.erebus.bambucket":1,"stat.drop.contenttweaker.rotor":4,"stat.drop.cathedral.dwemer_block_carved":3,"stat.swimOneCm":9071,"stat.drop.aether_legacy.aether_log":3,"stat.drop.openblocks.paintbrush":1,"stat.killEntity.primitivemobs.mother_spider":1,"stat.drop.avaritiaitem.cosmic_rune":3,"stat.drop.harvestcraft.strawberryitem":1,"stat.useItem.nae2.part":3,"stat.drop.mcwlights.reinforced_torch":1,"stat.mineBlock.biomesoplenty.double_plant":1,"stat.drop.contenttweaker.neodymium_cluster":1,"stat.drop.minecraft.wheat_seeds":1,"stat.drop.cathedral.cathedral_pane_stained":1,"stat.drop.actuallyadditions.item_solidified_experience":2,"stat.pickup.extrautils2.compressedgravel":1,"stat.mineBlock.astralsorcery.blockaltar":4,"stat.useItem.contenttweaker.stoneleaf_ore":1,"stat.pickup.extrautils2.creativeenergy":1,"stat.pickup.minecraft.mutton":3,"stat.drop.bloodmagic.component":5,"stat.drop.excompressum.compressed_block":1,"stat.drop.tconstruct.tooltables":1,"stat.drop.roots.runestone_brick_slab":1,"stat.useItem.contenttweaker.titanium_ore":1,"stat.killEntity.mod_lavacow.foglet":1,"stat.drop.contenttweaker.compact_empowerer":1,"stat.useItem.immersiveengineering.treated_wood":8,"stat.useItem.astralsorcery.blockmarble":99,"stat.useItem.erebus.leaves_marshwood":3,"stat.craftItem.minecraft.stone_slab2":1,"stat.pickup.avaritia.infinity_sword":1,"stat.pickup.harvestcraft.grilledmushroomitem":63,"stat.drop.modularmachinery.blockcasing":21,"stat.pickup.actuallyadditions.item_misc":41,"stat.drop.contenttweaker.bucket_valk_cloud":1,"stat.pickup.contenttweaker.flolit":18,"stat.drop.natura.materials":1,"stat.drop.thermalfoundation.wrench":1,"stat.useItem.mysticalagriculture.inferium_ore":1,"stat.drop.modularcontroller.carmine_reactor_controller":4,"stat.pickup.exnihilocreatio.item_material":81,"stat.useItem.immersiveengineering.wirecoil":6,"stat.mineBlock.minecraft.crafting_table":1,"stat.useItem.minecraft.diamond_pickaxe":153,"stat.mineBlock.minecraft.quartz_block":4,"stat.drop.contenttweaker.explosion_resistant_sheetmetal":1,"stat.useItem.minecraft.carrot":1,"stat.killEntity.imp":1,"stat.useItem.extrautils2.itembuilderswand":12,"stat.drop.netherendingores.ore_other_1":1,"stat.useItem.contenttweaker.emc_ore":1,"stat.pickup.minecraft.stone_button":5,"stat.useItem.aether_legacy.ambrosium_ore":1,"stat.pickup.tconstruct.tough_tool_rod":1,"stat.mineBlock.astralsorcery.blockcelestialcrystals":1,"stat.drop.enderio.item_dark_steel_upgrade":1,"stat.drop.mod_lavacow.sharptooth":1,"stat.pickup.minecraft.gravel":9,"stat.pickup.contenttweaker.holy_thing":58,"stat.pickup.quark.iron_plate":2,"stat.drop.contenttweaker.death_metal_block":1,"stat.pickup.aether_legacy.crystal_leaves":1,"stat.mineBlock.tconstruct.slime_dirt":3,"stat.drop.modularcontroller.large_cobblegen_controller":1,"stat.useItem.immersiveengineering.metal_decoration1":126,"stat.pickup.astralsorcery.itemrockcrystalsimple":191,"stat.pickup.contenttweaker.tablet_good":1,"stat.useItem.immersiveengineering.metal_decoration0":125,"stat.pickup.minecraft.spider_eye":5,"stat.pickup.minecraft.iron_ore":6,"stat.drop.modularcontroller.starlight_pool_controller":1,"stat.useItem.biomesoplenty.double_plant":2,"stat.drop.contenttweaker.flolit_ore":1,"stat.pickup.minecraft.leather":2,"stat.useItem.astralsorcery.blockcustomore":1,"stat.dispenserInspected":22,"stat.drop.aether_legacy.zanite_ore":1,"stat.pickup.harvestcraft.blueberryitem":1,"stat.pickup.mysticalagriculture.crafting":36,"stat.drop.contenttweaker.crystal_metal_ingot":1,"stat.pickup.modularmachinery.blockcontroller":1,"stat.drop.bloodmagic.altar":2,"stat.useItem.contenttweaker.geode_ore":1,"stat.sleepInBed":8,"stat.killEntity.Cow":6,"stat.drop.modularcontroller.super_mixer_controller":3,"stat.walkOneCm":14040148,"stat.drop.extendedcrafting.material":1,"stat.drop.prodigytech.zorrasteel_ingot":1,"stat.pickup.contenttweaker.staffwood_bug":1,"stat.drop.appliedenergistics2.material":2,"stat.drop.dimensionaledibles.nether_cake":1,"stat.useItem.immersiveengineering.sheetmetal":46,"stat.pickup.immersiveengineering.treated_wood":1,"stat.drop.contenttweaker.orichalcum_block":4,"stat.drop.harvestcraft.bakedcactusitem":5,"stat.drop.betternether.cincinnasite_wall":3,"stat.drop.contenttweaker.jade_dust":1,"stat.useItem.aether_legacy.zanite_ore":1,"stat.pickup.mod_lavacow.feather_black":4,"stat.useItem.erebus.ore_temple":1,"stat.pickup.biomesoplenty.fleshchunk":2,"stat.pickup.minecraft.stone":1,"stat.drop.contenttweaker.worm_glass":1,"stat.killEntity.Skeleton":3,"stat.drop.immersiveengineering.stone_decoration":2,"stat.mineBlock.modularmachinery.blockoutputbus":1,"stat.drop.prodigytech.meat_ground":1,"stat.drop.aether_legacy.cloud_staff":2,"stat.killEntity.Spider":8,"stat.mineBlock.biomesoplenty.flesh":2,"stat.pickup.astralsorcery.itemcraftingcomponent":1,"stat.useItem.erebus.ore_fossil":1,"stat.pickup.minecraft.quartz":12,"stat.useItem.thermalfoundation.ore_fluid":4,"stat.useItem.appliedenergistics2.part":13,"stat.drop.contenttweaker.entwood_block":1}